2025-11-15 11:09:18 - __main__ - INFO - ============================================================
2025-11-15 11:09:18 - __main__ - INFO - 🚀 NuGateway MQTT Service
2025-11-15 11:09:18 - __main__ - INFO - ============================================================
2025-11-15 11:09:18 - __main__ - INFO - Serial Port: /dev/ttyUSB0
2025-11-15 11:09:18 - __main__ - INFO - Baud Rate: 9600
2025-11-15 11:09:18 - __main__ - INFO - MQTT Broker: broker.nuteknoloji.com:1883
2025-11-15 11:09:18 - __main__ - INFO - Publish Interval: 300 seconds (5 minutes)
2025-11-15 11:09:18 - __main__ - INFO - ============================================================
2025-11-15 11:09:18 - __main__ - INFO - 🔧 Initializing Modbus reader...
2025-11-15 11:09:18 - modbus_reader - INFO - âœ… Connected to /dev/ttyUSB0 at 9600 baud
2025-11-15 11:09:18 - __main__ - INFO - ✅ Modbus reader connected
2025-11-15 11:09:18 - __main__ - INFO - 🔧 Initializing MQTT client...
2025-11-15 11:09:18 - mqtt_client - INFO - Device MAC address: D8:3A:DD:E4:A3:E0
2025-11-15 11:09:18 - mqtt_client - INFO - MQTT client initialized for device: D83ADDE4A3E0
2025-11-15 11:09:18 - mqtt_client - INFO - Broker: broker.nuteknoloji.com:1883
2025-11-15 11:09:18 - mqtt_client - INFO - Connecting to MQTT broker: broker.nuteknoloji.com:1883
2025-11-15 11:09:18 - mqtt_client - INFO - ✅ Connected to MQTT broker: broker.nuteknoloji.com:1883
2025-11-15 11:09:18 - mqtt_client - INFO - 📡 Subscribed to: nugateway/D83ADDE4A3E0/command/relay
2025-11-15 11:09:18 - mqtt_client - INFO - 📡 Subscribed to: nugateway/D83ADDE4A3E0/command/upload
2025-11-15 11:09:18 - __main__ - INFO - ✅ MQTT client connected
2025-11-15 11:09:18 - __main__ - INFO - 📡 Publishing to: nugateway/D83ADDE4A3E0/telemetry
2025-11-15 11:09:18 - __main__ - INFO - 📡 Listening on: nugateway/D83ADDE4A3E0/command/relay
2025-11-15 11:09:18 - __main__ - INFO - ============================================================
2025-11-15 11:09:18 - __main__ - INFO - 🚀 Starting main loop...
2025-11-15 11:09:18 - __main__ - INFO - ⏱️  Will publish every 300 seconds
2025-11-15 11:09:18 - __main__ - INFO -    Press Ctrl+C to stop
2025-11-15 11:09:18 - __main__ - INFO - ============================================================
2025-11-15 11:09:18 - __main__ - INFO - ============================================================
2025-11-15 11:09:18 - __main__ - INFO - 📡 Reading Modbus devices... [11:09:18]
2025-11-15 11:09:18 - modbus_reader - INFO - ðŸ“Š Reading MPPT...
2025-11-15 11:09:19 - modbus_reader - WARNING - No response from slave 0A
2025-11-15 11:09:21 - modbus_reader - WARNING - No response from slave 0A
2025-11-15 11:09:22 - modbus_reader - WARNING - No response from slave 0A
2025-11-15 11:09:23 - modbus_reader - WARNING - No response from slave 0A
2025-11-15 11:09:24 - modbus_reader - WARNING - No response from slave 0A
2025-11-15 11:09:25 - modbus_reader - WARNING - No response from slave 0A
2025-11-15 11:09:26 - modbus_reader - WARNING - No response from slave 0A
2025-11-15 11:09:27 - modbus_reader - WARNING - No response from slave 0A
2025-11-15 11:09:29 - modbus_reader - WARNING - No response from slave 0A
2025-11-15 11:09:30 - modbus_reader - WARNING - No response from slave 0A
2025-11-15 11:09:31 - modbus_reader - WARNING - No response from slave 0A
2025-11-15 11:09:32 - modbus_reader - WARNING - No response from slave 0A
2025-11-15 11:09:33 - modbus_reader - WARNING - No response from slave 0A
2025-11-15 11:09:34 - modbus_reader - WARNING - No response from slave 0A
2025-11-15 11:09:36 - modbus_reader - WARNING - No response from slave 0A
2025-11-15 11:09:37 - modbus_reader - WARNING - No response from slave 0A
2025-11-15 11:09:37 - modbus_reader - WARNING -    âš ï¸  MPPT read failed
2025-11-15 11:09:37 - modbus_reader - INFO - ðŸŒ¡ï¸  Reading ENV sensor...
2025-11-15 11:09:38 - modbus_reader - INFO -    âœ“ Temp: 1.0Â°C, Humidity: 60.0%
2025-11-15 11:09:38 - modbus_reader - INFO -    âœ“ CO2: 1.0 ppm
2025-11-15 11:09:38 - modbus_reader - INFO - ðŸ’¡ Reading LDR...
2025-11-15 11:09:38 - modbus_reader - INFO -    âœ“ Light: 62059 lux (Bright)
2025-11-15 11:09:39 - modbus_reader - INFO - ðŸ”‹ Reading BMS...
2025-11-15 11:09:40 - modbus_reader - ERROR - BMS: Incomplete response
2025-11-15 11:09:40 - modbus_reader - WARNING -    âš ï¸  BMS read failed
2025-11-15 11:09:40 - modbus_reader - INFO - ðŸ‘ï¸  Reading PIR...
2025-11-15 11:09:41 - modbus_reader - WARNING - No response from slave 02
2025-11-15 11:09:41 - modbus_reader - WARNING -    âš ï¸  PIR read failed
2025-11-15 11:09:41 - __main__ - INFO - ✅ Read 9 parameters from Modbus devices
2025-11-15 11:09:41 - mqtt_client - INFO - ✅ Telemetry published to nugateway/D83ADDE4A3E0/telemetry
2025-11-15 11:09:41 - __main__ - INFO - ✅ Telemetry published to MQTT broker
2025-11-15 11:09:41 - __main__ - INFO - ⏱️  Next publish in 276 seconds
2025-11-15 11:14:18 - __main__ - INFO - ============================================================
2025-11-15 11:14:18 - __main__ - INFO - 📡 Reading Modbus devices... [11:14:18]
2025-11-15 11:14:18 - modbus_reader - INFO - ðŸ“Š Reading MPPT...
2025-11-15 11:14:20 - modbus_reader - WARNING - No response from slave 0A
2025-11-15 11:14:21 - modbus_reader - WARNING - No response from slave 0A
2025-11-15 11:14:22 - modbus_reader - WARNING - No response from slave 0A
2025-11-15 11:14:23 - modbus_reader - WARNING - No response from slave 0A
2025-11-15 11:14:24 - modbus_reader - WARNING - No response from slave 0A
2025-11-15 11:14:25 - modbus_reader - WARNING - No response from slave 0A
2025-11-15 11:14:26 - modbus_reader - WARNING - No response from slave 0A
2025-11-15 11:14:28 - modbus_reader - WARNING - No response from slave 0A
2025-11-15 11:14:29 - modbus_reader - WARNING - No response from slave 0A
2025-11-15 11:14:30 - modbus_reader - WARNING - No response from slave 0A
2025-11-15 11:14:31 - modbus_reader - WARNING - No response from slave 0A
2025-11-15 11:14:32 - modbus_reader - WARNING - No response from slave 0A
2025-11-15 11:14:33 - modbus_reader - WARNING - No response from slave 0A
2025-11-15 11:14:35 - modbus_reader - WARNING - No response from slave 0A
2025-11-15 11:14:36 - modbus_reader - WARNING - No response from slave 0A
2025-11-15 11:14:37 - modbus_reader - WARNING - No response from slave 0A
2025-11-15 11:14:37 - modbus_reader - WARNING -    âš ï¸  MPPT read failed
2025-11-15 11:14:37 - modbus_reader - INFO - ðŸŒ¡ï¸  Reading ENV sensor...
2025-11-15 11:14:38 - modbus_reader - INFO -    âœ“ Temp: 1.0Â°C, Humidity: 60.0%
2025-11-15 11:14:38 - modbus_reader - INFO -    âœ“ CO2: 1.0 ppm
2025-11-15 11:14:39 - modbus_reader - INFO - ðŸ’¡ Reading LDR...
2025-11-15 11:14:39 - modbus_reader - INFO -    âœ“ Light: 62673 lux (Bright)
2025-11-15 11:14:39 - modbus_reader - INFO - ðŸ”‹ Reading BMS...
2025-11-15 11:14:40 - modbus_reader - ERROR - BMS: Incomplete response
2025-11-15 11:14:40 - modbus_reader - WARNING -    âš ï¸  BMS read failed
2025-11-15 11:14:40 - modbus_reader - INFO - ðŸ‘ï¸  Reading PIR...
2025-11-15 11:14:42 - modbus_reader - WARNING - No response from slave 02
2025-11-15 11:14:42 - modbus_reader - WARNING -    âš ï¸  PIR read failed
2025-11-15 11:14:42 - __main__ - INFO - ✅ Read 9 parameters from Modbus devices
2025-11-15 11:14:42 - mqtt_client - INFO - ✅ Telemetry published to nugateway/D83ADDE4A3E0/telemetry
2025-11-15 11:14:42 - __main__ - INFO - ✅ Telemetry published to MQTT broker
2025-11-15 11:14:42 - __main__ - INFO - ⏱️  Next publish in 276 seconds
2025-11-15 11:15:18 - __main__ - INFO - ============================================================
2025-11-15 11:15:18 - __main__ - INFO - 🚀 NuGateway MQTT Service
2025-11-15 11:15:18 - __main__ - INFO - ============================================================
2025-11-15 11:15:18 - __main__ - INFO - Serial Port: /dev/ttyUSB0
2025-11-15 11:15:18 - __main__ - INFO - Baud Rate: 9600
2025-11-15 11:15:18 - __main__ - INFO - MQTT Broker: broker.nuteknoloji.com:1883
2025-11-15 11:15:18 - __main__ - INFO - Publish Interval: 300 seconds (5 minutes)
2025-11-15 11:15:18 - __main__ - INFO - ============================================================
2025-11-15 11:15:18 - __main__ - INFO - 🔧 Initializing Modbus reader...
2025-11-15 11:15:18 - modbus_reader - INFO - âœ… Connected to /dev/ttyUSB0 at 9600 baud
2025-11-15 11:15:18 - __main__ - INFO - ✅ Modbus reader connected
2025-11-15 11:15:18 - __main__ - INFO - 🔧 Initializing MQTT client...
2025-11-15 11:15:18 - mqtt_client - INFO - Device MAC address: D8:3A:DD:E4:A3:E0
2025-11-15 11:15:18 - mqtt_client - INFO - MQTT client initialized for device: D83ADDE4A3E0
2025-11-15 11:15:18 - mqtt_client - INFO - Broker: broker.nuteknoloji.com:1883
2025-11-15 11:15:18 - mqtt_client - INFO - Connecting to MQTT broker: broker.nuteknoloji.com:1883
2025-11-15 11:15:18 - mqtt_client - WARNING - ⚠️ Unexpected MQTT disconnection (code: 7), will auto-reconnect
2025-11-15 11:15:18 - mqtt_client - INFO - ✅ Connected to MQTT broker: broker.nuteknoloji.com:1883
2025-11-15 11:15:18 - mqtt_client - INFO - 📡 Subscribed to: nugateway/D83ADDE4A3E0/command/relay
2025-11-15 11:15:18 - mqtt_client - INFO - 📡 Subscribed to: nugateway/D83ADDE4A3E0/command/upload
2025-11-15 11:15:18 - __main__ - INFO - ✅ MQTT client connected
2025-11-15 11:15:18 - __main__ - INFO - 📡 Publishing to: nugateway/D83ADDE4A3E0/telemetry
2025-11-15 11:15:18 - __main__ - INFO - 📡 Listening on: nugateway/D83ADDE4A3E0/command/relay
2025-11-15 11:15:18 - __main__ - INFO - ============================================================
2025-11-15 11:15:18 - __main__ - INFO - 🚀 Starting main loop...
2025-11-15 11:15:18 - __main__ - INFO - ⏱️  Will publish every 300 seconds
2025-11-15 11:15:18 - __main__ - INFO -    Press Ctrl+C to stop
2025-11-15 11:15:18 - __main__ - INFO - ============================================================
2025-11-15 11:15:18 - __main__ - INFO - ============================================================
2025-11-15 11:15:18 - __main__ - INFO - 📡 Reading Modbus devices... [11:15:18]
2025-11-15 11:15:18 - modbus_reader - INFO - ðŸ“Š Reading MPPT...
2025-11-15 11:15:19 - mqtt_client - INFO - ✅ Connected to MQTT broker: broker.nuteknoloji.com:1883
2025-11-15 11:15:19 - mqtt_client - WARNING - ⚠️ Unexpected MQTT disconnection (code: 7), will auto-reconnect
2025-11-15 11:15:19 - mqtt_client - INFO - 📡 Subscribed to: nugateway/D83ADDE4A3E0/command/relay
2025-11-15 11:15:19 - mqtt_client - INFO - 📡 Subscribed to: nugateway/D83ADDE4A3E0/command/upload
2025-11-15 11:15:20 - mqtt_client - INFO - ✅ Connected to MQTT broker: broker.nuteknoloji.com:1883
2025-11-15 11:15:20 - mqtt_client - INFO - 📡 Subscribed to: nugateway/D83ADDE4A3E0/command/relay
2025-11-15 11:15:20 - mqtt_client - INFO - 📡 Subscribed to: nugateway/D83ADDE4A3E0/command/upload
2025-11-15 11:15:20 - mqtt_client - WARNING - ⚠️ Unexpected MQTT disconnection (code: 7), will auto-reconnect
2025-11-15 11:15:21 - modbus_reader - INFO -    âœ“ PV: 21.9V, 3.32A, 4736286.72W
2025-11-15 11:15:21 - modbus_reader - INFO -    âœ“ Battery: 14.61V, SOC: 99%
2025-11-15 11:15:22 - modbus_reader - INFO - ðŸŒ¡ï¸  Reading ENV sensor...
2025-11-15 11:15:22 - mqtt_client - INFO - ✅ Connected to MQTT broker: broker.nuteknoloji.com:1883
2025-11-15 11:15:22 - mqtt_client - INFO - 📡 Subscribed to: nugateway/D83ADDE4A3E0/command/relay
2025-11-15 11:15:22 - mqtt_client - INFO - 📡 Subscribed to: nugateway/D83ADDE4A3E0/command/upload
2025-11-15 11:15:22 - mqtt_client - WARNING - ⚠️ Unexpected MQTT disconnection (code: 7), will auto-reconnect
2025-11-15 11:15:23 - modbus_reader - INFO -    âœ“ Temp: 1.0Â°C, Humidity: 60.0%
2025-11-15 11:15:23 - modbus_reader - INFO -    âœ“ CO2: 1.0 ppm
2025-11-15 11:15:23 - mqtt_client - WARNING - ⚠️ Unexpected MQTT disconnection (code: 7), will auto-reconnect
2025-11-15 11:15:23 - mqtt_client - INFO - ✅ Connected to MQTT broker: broker.nuteknoloji.com:1883
2025-11-15 11:15:23 - mqtt_client - INFO - 📡 Subscribed to: nugateway/D83ADDE4A3E0/command/relay
2025-11-15 11:15:23 - mqtt_client - INFO - 📡 Subscribed to: nugateway/D83ADDE4A3E0/command/upload
2025-11-15 11:15:23 - modbus_reader - INFO - ðŸ’¡ Reading LDR...
2025-11-15 11:15:23 - modbus_reader - INFO -    âœ“ Light: 62940 lux (Bright)
2025-11-15 11:15:23 - modbus_reader - INFO - ðŸ”‹ Reading BMS...
2025-11-15 11:15:24 - mqtt_client - INFO - ✅ Connected to MQTT broker: broker.nuteknoloji.com:1883
2025-11-15 11:15:24 - mqtt_client - INFO - 📡 Subscribed to: nugateway/D83ADDE4A3E0/command/relay
2025-11-15 11:15:24 - mqtt_client - INFO - 📡 Subscribed to: nugateway/D83ADDE4A3E0/command/upload
2025-11-15 11:15:24 - mqtt_client - WARNING - ⚠️ Unexpected MQTT disconnection (code: 7), will auto-reconnect
2025-11-15 11:15:25 - modbus_reader - ERROR - BMS: Incomplete response
2025-11-15 11:15:25 - modbus_reader - WARNING -    âš ï¸  BMS read failed
2025-11-15 11:15:25 - modbus_reader - INFO - ðŸ‘ï¸  Reading PIR...
2025-11-15 11:15:25 - mqtt_client - WARNING - ⚠️ Unexpected MQTT disconnection (code: 7), will auto-reconnect
2025-11-15 11:15:25 - mqtt_client - INFO - ✅ Connected to MQTT broker: broker.nuteknoloji.com:1883
2025-11-15 11:15:25 - mqtt_client - INFO - 📡 Subscribed to: nugateway/D83ADDE4A3E0/command/relay
2025-11-15 11:15:25 - mqtt_client - INFO - 📡 Subscribed to: nugateway/D83ADDE4A3E0/command/upload
2025-11-15 11:15:26 - modbus_reader - WARNING - No response from slave 02
2025-11-15 11:15:26 - modbus_reader - WARNING -    âš ï¸  PIR read failed
2025-11-15 11:15:26 - __main__ - INFO - ✅ Read 26 parameters from Modbus devices
2025-11-15 11:15:26 - mqtt_client - INFO - ✅ Telemetry published to nugateway/D83ADDE4A3E0/telemetry
2025-11-15 11:15:26 - __main__ - INFO - ✅ Telemetry published to MQTT broker
2025-11-15 11:15:26 - __main__ - INFO - ⏱️  Next publish in 292 seconds
2025-11-15 11:15:26 - mqtt_client - WARNING - ⚠️ Unexpected MQTT disconnection (code: 7), will auto-reconnect
2025-11-15 11:15:26 - mqtt_client - INFO - ✅ Connected to MQTT broker: broker.nuteknoloji.com:1883
2025-11-15 11:15:26 - mqtt_client - INFO - 📡 Subscribed to: nugateway/D83ADDE4A3E0/command/relay
2025-11-15 11:15:26 - mqtt_client - INFO - 📡 Subscribed to: nugateway/D83ADDE4A3E0/command/upload
2025-11-15 11:15:28 - mqtt_client - WARNING - ⚠️ Unexpected MQTT disconnection (code: 7), will auto-reconnect
2025-11-15 11:15:28 - mqtt_client - INFO - ✅ Connected to MQTT broker: broker.nuteknoloji.com:1883
2025-11-15 11:15:28 - mqtt_client - INFO - 📡 Subscribed to: nugateway/D83ADDE4A3E0/command/relay
2025-11-15 11:15:28 - mqtt_client - INFO - 📡 Subscribed to: nugateway/D83ADDE4A3E0/command/upload
2025-11-15 11:15:29 - mqtt_client - INFO - ✅ Connected to MQTT broker: broker.nuteknoloji.com:1883
2025-11-15 11:15:29 - mqtt_client - WARNING - ⚠️ Unexpected MQTT disconnection (code: 7), will auto-reconnect
2025-11-15 11:15:29 - mqtt_client - INFO - 📡 Subscribed to: nugateway/D83ADDE4A3E0/command/relay
2025-11-15 11:15:29 - mqtt_client - INFO - 📡 Subscribed to: nugateway/D83ADDE4A3E0/command/upload
2025-11-15 11:15:30 - mqtt_client - WARNING - ⚠️ Unexpected MQTT disconnection (code: 7), will auto-reconnect
2025-11-15 11:15:30 - mqtt_client - INFO - ✅ Connected to MQTT broker: broker.nuteknoloji.com:1883
2025-11-15 11:15:30 - mqtt_client - INFO - 📡 Subscribed to: nugateway/D83ADDE4A3E0/command/relay
2025-11-15 11:15:30 - mqtt_client - INFO - 📡 Subscribed to: nugateway/D83ADDE4A3E0/command/upload
2025-11-15 11:15:31 - mqtt_client - WARNING - ⚠️ Unexpected MQTT disconnection (code: 7), will auto-reconnect
2025-11-15 11:15:31 - mqtt_client - INFO - ✅ Connected to MQTT broker: broker.nuteknoloji.com:1883
2025-11-15 11:15:31 - mqtt_client - INFO - 📡 Subscribed to: nugateway/D83ADDE4A3E0/command/relay
2025-11-15 11:15:31 - mqtt_client - INFO - 📡 Subscribed to: nugateway/D83ADDE4A3E0/command/upload
2025-11-15 11:15:32 - mqtt_client - INFO - ✅ Connected to MQTT broker: broker.nuteknoloji.com:1883
2025-11-15 11:15:32 - mqtt_client - WARNING - ⚠️ Unexpected MQTT disconnection (code: 7), will auto-reconnect
2025-11-15 11:15:32 - mqtt_client - INFO - 📡 Subscribed to: nugateway/D83ADDE4A3E0/command/relay
2025-11-15 11:15:32 - mqtt_client - INFO - 📡 Subscribed to: nugateway/D83ADDE4A3E0/command/upload
2025-11-15 11:15:33 - mqtt_client - INFO - ✅ Connected to MQTT broker: broker.nuteknoloji.com:1883
2025-11-15 11:15:33 - mqtt_client - INFO - 📡 Subscribed to: nugateway/D83ADDE4A3E0/command/relay
2025-11-15 11:15:33 - mqtt_client - INFO - 📡 Subscribed to: nugateway/D83ADDE4A3E0/command/upload
2025-11-15 11:15:33 - mqtt_client - WARNING - ⚠️ Unexpected MQTT disconnection (code: 7), will auto-reconnect
2025-11-15 11:15:35 - mqtt_client - WARNING - ⚠️ Unexpected MQTT disconnection (code: 7), will auto-reconnect
2025-11-15 11:15:35 - mqtt_client - INFO - ✅ Connected to MQTT broker: broker.nuteknoloji.com:1883
2025-11-15 11:15:35 - mqtt_client - INFO - 📡 Subscribed to: nugateway/D83ADDE4A3E0/command/relay
2025-11-15 11:15:35 - mqtt_client - INFO - 📡 Subscribed to: nugateway/D83ADDE4A3E0/command/upload
2025-11-15 11:15:36 - mqtt_client - INFO - ✅ Connected to MQTT broker: broker.nuteknoloji.com:1883
2025-11-15 11:15:36 - mqtt_client - INFO - 📡 Subscribed to: nugateway/D83ADDE4A3E0/command/relay
2025-11-15 11:15:36 - mqtt_client - INFO - 📡 Subscribed to: nugateway/D83ADDE4A3E0/command/upload
2025-11-15 11:15:36 - mqtt_client - WARNING - ⚠️ Unexpected MQTT disconnection (code: 7), will auto-reconnect
2025-11-15 11:15:37 - mqtt_client - WARNING - ⚠️ Unexpected MQTT disconnection (code: 7), will auto-reconnect
2025-11-15 11:15:37 - mqtt_client - INFO - ✅ Connected to MQTT broker: broker.nuteknoloji.com:1883
2025-11-15 11:15:37 - mqtt_client - INFO - 📡 Subscribed to: nugateway/D83ADDE4A3E0/command/relay
2025-11-15 11:15:37 - mqtt_client - INFO - 📡 Subscribed to: nugateway/D83ADDE4A3E0/command/upload
2025-11-15 11:15:38 - mqtt_client - WARNING - ⚠️ Unexpected MQTT disconnection (code: 7), will auto-reconnect
2025-11-15 11:15:38 - mqtt_client - INFO - ✅ Connected to MQTT broker: broker.nuteknoloji.com:1883
2025-11-15 11:15:38 - mqtt_client - INFO - 📡 Subscribed to: nugateway/D83ADDE4A3E0/command/relay
2025-11-15 11:15:38 - mqtt_client - INFO - 📡 Subscribed to: nugateway/D83ADDE4A3E0/command/upload
2025-11-15 11:15:39 - mqtt_client - WARNING - ⚠️ Unexpected MQTT disconnection (code: 7), will auto-reconnect
2025-11-15 11:15:39 - mqtt_client - INFO - ✅ Connected to MQTT broker: broker.nuteknoloji.com:1883
2025-11-15 11:15:39 - mqtt_client - INFO - 📡 Subscribed to: nugateway/D83ADDE4A3E0/command/relay
2025-11-15 11:15:39 - mqtt_client - INFO - 📡 Subscribed to: nugateway/D83ADDE4A3E0/command/upload
2025-11-15 11:15:41 - mqtt_client - INFO - ✅ Connected to MQTT broker: broker.nuteknoloji.com:1883
2025-11-15 11:15:41 - mqtt_client - WARNING - ⚠️ Unexpected MQTT disconnection (code: 7), will auto-reconnect
2025-11-15 11:15:41 - mqtt_client - INFO - 📡 Subscribed to: nugateway/D83ADDE4A3E0/command/relay
2025-11-15 11:15:41 - mqtt_client - INFO - 📡 Subscribed to: nugateway/D83ADDE4A3E0/command/upload
2025-11-15 11:15:42 - mqtt_client - WARNING - ⚠️ Unexpected MQTT disconnection (code: 7), will auto-reconnect
2025-11-15 11:15:42 - mqtt_client - INFO - ✅ Connected to MQTT broker: broker.nuteknoloji.com:1883
2025-11-15 11:15:42 - mqtt_client - INFO - 📡 Subscribed to: nugateway/D83ADDE4A3E0/command/relay
2025-11-15 11:15:42 - mqtt_client - INFO - 📡 Subscribed to: nugateway/D83ADDE4A3E0/command/upload
2025-11-15 11:15:43 - mqtt_client - INFO - ✅ Connected to MQTT broker: broker.nuteknoloji.com:1883
2025-11-15 11:15:43 - mqtt_client - INFO - 📡 Subscribed to: nugateway/D83ADDE4A3E0/command/relay
2025-11-15 11:15:43 - mqtt_client - INFO - 📡 Subscribed to: nugateway/D83ADDE4A3E0/command/upload
2025-11-15 11:15:43 - mqtt_client - WARNING - ⚠️ Unexpected MQTT disconnection (code: 7), will auto-reconnect
2025-11-15 11:15:44 - mqtt_client - WARNING - ⚠️ Unexpected MQTT disconnection (code: 7), will auto-reconnect
2025-11-15 11:15:44 - mqtt_client - INFO - ✅ Connected to MQTT broker: broker.nuteknoloji.com:1883
2025-11-15 11:15:44 - mqtt_client - INFO - 📡 Subscribed to: nugateway/D83ADDE4A3E0/command/relay
2025-11-15 11:15:44 - mqtt_client - INFO - 📡 Subscribed to: nugateway/D83ADDE4A3E0/command/upload
2025-11-15 11:15:45 - mqtt_client - INFO - ✅ Connected to MQTT broker: broker.nuteknoloji.com:1883
2025-11-15 11:15:45 - mqtt_client - INFO - 📡 Subscribed to: nugateway/D83ADDE4A3E0/command/relay
2025-11-15 11:15:45 - mqtt_client - INFO - 📡 Subscribed to: nugateway/D83ADDE4A3E0/command/upload
2025-11-15 11:15:45 - mqtt_client - WARNING - ⚠️ Unexpected MQTT disconnection (code: 7), will auto-reconnect
2025-11-15 11:15:46 - mqtt_client - INFO - ✅ Connected to MQTT broker: broker.nuteknoloji.com:1883
2025-11-15 11:15:46 - mqtt_client - WARNING - ⚠️ Unexpected MQTT disconnection (code: 7), will auto-reconnect
2025-11-15 11:15:46 - mqtt_client - INFO - 📡 Subscribed to: nugateway/D83ADDE4A3E0/command/relay
2025-11-15 11:15:46 - mqtt_client - INFO - 📡 Subscribed to: nugateway/D83ADDE4A3E0/command/upload
2025-11-15 11:15:48 - mqtt_client - WARNING - ⚠️ Unexpected MQTT disconnection (code: 7), will auto-reconnect
2025-11-15 11:15:48 - mqtt_client - INFO - ✅ Connected to MQTT broker: broker.nuteknoloji.com:1883
2025-11-15 11:15:48 - mqtt_client - INFO - 📡 Subscribed to: nugateway/D83ADDE4A3E0/command/relay
2025-11-15 11:15:48 - mqtt_client - INFO - 📡 Subscribed to: nugateway/D83ADDE4A3E0/command/upload
2025-11-15 11:15:49 - mqtt_client - WARNING - ⚠️ Unexpected MQTT disconnection (code: 7), will auto-reconnect
2025-11-15 11:15:49 - mqtt_client - INFO - ✅ Connected to MQTT broker: broker.nuteknoloji.com:1883
2025-11-15 11:15:49 - mqtt_client - INFO - 📡 Subscribed to: nugateway/D83ADDE4A3E0/command/relay
2025-11-15 11:15:49 - mqtt_client - INFO - 📡 Subscribed to: nugateway/D83ADDE4A3E0/command/upload
2025-11-15 11:15:50 - mqtt_client - INFO - ✅ Connected to MQTT broker: broker.nuteknoloji.com:1883
2025-11-15 11:15:50 - mqtt_client - WARNING - ⚠️ Unexpected MQTT disconnection (code: 7), will auto-reconnect
2025-11-15 11:15:50 - mqtt_client - INFO - 📡 Subscribed to: nugateway/D83ADDE4A3E0/command/relay
2025-11-15 11:15:50 - mqtt_client - INFO - 📡 Subscribed to: nugateway/D83ADDE4A3E0/command/upload
2025-11-15 11:15:51 - mqtt_client - WARNING - ⚠️ Unexpected MQTT disconnection (code: 7), will auto-reconnect
2025-11-15 11:15:51 - mqtt_client - INFO - ✅ Connected to MQTT broker: broker.nuteknoloji.com:1883
2025-11-15 11:15:51 - mqtt_client - INFO - 📡 Subscribed to: nugateway/D83ADDE4A3E0/command/relay
2025-11-15 11:15:51 - mqtt_client - INFO - 📡 Subscribed to: nugateway/D83ADDE4A3E0/command/upload
2025-11-15 11:15:52 - mqtt_client - WARNING - ⚠️ Unexpected MQTT disconnection (code: 7), will auto-reconnect
2025-11-15 11:15:52 - mqtt_client - INFO - ✅ Connected to MQTT broker: broker.nuteknoloji.com:1883
2025-11-15 11:15:52 - mqtt_client - INFO - 📡 Subscribed to: nugateway/D83ADDE4A3E0/command/relay
2025-11-15 11:15:52 - mqtt_client - INFO - 📡 Subscribed to: nugateway/D83ADDE4A3E0/command/upload
2025-11-15 11:15:54 - mqtt_client - WARNING - ⚠️ Unexpected MQTT disconnection (code: 7), will auto-reconnect
2025-11-15 11:15:54 - mqtt_client - INFO - ✅ Connected to MQTT broker: broker.nuteknoloji.com:1883
2025-11-15 11:15:54 - mqtt_client - INFO - 📡 Subscribed to: nugateway/D83ADDE4A3E0/command/relay
2025-11-15 11:15:54 - mqtt_client - INFO - 📡 Subscribed to: nugateway/D83ADDE4A3E0/command/upload
2025-11-15 11:15:55 - mqtt_client - WARNING - ⚠️ Unexpected MQTT disconnection (code: 7), will auto-reconnect
2025-11-15 11:15:55 - mqtt_client - INFO - ✅ Connected to MQTT broker: broker.nuteknoloji.com:1883
2025-11-15 11:15:55 - mqtt_client - INFO - 📡 Subscribed to: nugateway/D83ADDE4A3E0/command/relay
2025-11-15 11:15:55 - mqtt_client - INFO - 📡 Subscribed to: nugateway/D83ADDE4A3E0/command/upload
2025-11-15 11:15:56 - mqtt_client - INFO - ✅ Connected to MQTT broker: broker.nuteknoloji.com:1883
2025-11-15 11:15:56 - mqtt_client - WARNING - ⚠️ Unexpected MQTT disconnection (code: 7), will auto-reconnect
2025-11-15 11:15:56 - mqtt_client - INFO - 📡 Subscribed to: nugateway/D83ADDE4A3E0/command/relay
2025-11-15 11:15:56 - mqtt_client - INFO - 📡 Subscribed to: nugateway/D83ADDE4A3E0/command/upload
2025-11-15 11:15:57 - mqtt_client - INFO - ✅ Connected to MQTT broker: broker.nuteknoloji.com:1883
2025-11-15 11:15:57 - mqtt_client - INFO - 📡 Subscribed to: nugateway/D83ADDE4A3E0/command/relay
2025-11-15 11:15:57 - mqtt_client - INFO - 📡 Subscribed to: nugateway/D83ADDE4A3E0/command/upload
2025-11-15 11:15:57 - mqtt_client - WARNING - ⚠️ Unexpected MQTT disconnection (code: 7), will auto-reconnect
2025-11-15 11:15:58 - mqtt_client - WARNING - ⚠️ Unexpected MQTT disconnection (code: 7), will auto-reconnect
2025-11-15 11:15:58 - mqtt_client - INFO - ✅ Connected to MQTT broker: broker.nuteknoloji.com:1883
2025-11-15 11:15:58 - mqtt_client - INFO - 📡 Subscribed to: nugateway/D83ADDE4A3E0/command/relay
2025-11-15 11:15:58 - mqtt_client - INFO - 📡 Subscribed to: nugateway/D83ADDE4A3E0/command/upload
2025-11-15 11:15:59 - mqtt_client - INFO - ✅ Connected to MQTT broker: broker.nuteknoloji.com:1883
2025-11-15 11:15:59 - mqtt_client - WARNING - ⚠️ Unexpected MQTT disconnection (code: 7), will auto-reconnect
2025-11-15 11:15:59 - mqtt_client - INFO - 📡 Subscribed to: nugateway/D83ADDE4A3E0/command/relay
2025-11-15 11:15:59 - mqtt_client - INFO - 📡 Subscribed to: nugateway/D83ADDE4A3E0/command/upload
2025-11-15 11:16:01 - mqtt_client - WARNING - ⚠️ Unexpected MQTT disconnection (code: 7), will auto-reconnect
2025-11-15 11:16:01 - mqtt_client - INFO - ✅ Connected to MQTT broker: broker.nuteknoloji.com:1883
2025-11-15 11:16:01 - mqtt_client - INFO - 📡 Subscribed to: nugateway/D83ADDE4A3E0/command/relay
2025-11-15 11:16:01 - mqtt_client - INFO - 📡 Subscribed to: nugateway/D83ADDE4A3E0/command/upload
2025-11-15 11:16:02 - mqtt_client - WARNING - ⚠️ Unexpected MQTT disconnection (code: 7), will auto-reconnect
2025-11-15 11:16:02 - mqtt_client - INFO - ✅ Connected to MQTT broker: broker.nuteknoloji.com:1883
2025-11-15 11:16:02 - mqtt_client - INFO - 📡 Subscribed to: nugateway/D83ADDE4A3E0/command/relay
2025-11-15 11:16:02 - mqtt_client - INFO - 📡 Subscribed to: nugateway/D83ADDE4A3E0/command/upload
2025-11-15 11:16:03 - mqtt_client - INFO - ✅ Connected to MQTT broker: broker.nuteknoloji.com:1883
2025-11-15 11:16:03 - mqtt_client - WARNING - ⚠️ Unexpected MQTT disconnection (code: 7), will auto-reconnect
2025-11-15 11:16:03 - mqtt_client - INFO - 📡 Subscribed to: nugateway/D83ADDE4A3E0/command/relay
2025-11-15 11:16:03 - mqtt_client - INFO - 📡 Subscribed to: nugateway/D83ADDE4A3E0/command/upload
2025-11-15 11:16:04 - mqtt_client - WARNING - ⚠️ Unexpected MQTT disconnection (code: 7), will auto-reconnect
2025-11-15 11:16:04 - mqtt_client - INFO - ✅ Connected to MQTT broker: broker.nuteknoloji.com:1883
2025-11-15 11:16:04 - mqtt_client - INFO - 📡 Subscribed to: nugateway/D83ADDE4A3E0/command/relay
2025-11-15 11:16:04 - mqtt_client - INFO - 📡 Subscribed to: nugateway/D83ADDE4A3E0/command/upload
2025-11-15 11:16:05 - mqtt_client - WARNING - ⚠️ Unexpected MQTT disconnection (code: 7), will auto-reconnect
2025-11-15 11:16:05 - mqtt_client - INFO - ✅ Connected to MQTT broker: broker.nuteknoloji.com:1883
2025-11-15 11:16:05 - mqtt_client - INFO - 📡 Subscribed to: nugateway/D83ADDE4A3E0/command/relay
2025-11-15 11:16:05 - mqtt_client - INFO - 📡 Subscribed to: nugateway/D83ADDE4A3E0/command/upload
2025-11-15 11:16:07 - mqtt_client - WARNING - ⚠️ Unexpected MQTT disconnection (code: 7), will auto-reconnect
2025-11-15 11:16:07 - mqtt_client - INFO - ✅ Connected to MQTT broker: broker.nuteknoloji.com:1883
2025-11-15 11:16:07 - mqtt_client - INFO - 📡 Subscribed to: nugateway/D83ADDE4A3E0/command/relay
2025-11-15 11:16:07 - mqtt_client - INFO - 📡 Subscribed to: nugateway/D83ADDE4A3E0/command/upload
2025-11-15 11:16:08 - mqtt_client - INFO - ✅ Connected to MQTT broker: broker.nuteknoloji.com:1883
2025-11-15 11:16:08 - mqtt_client - WARNING - ⚠️ Unexpected MQTT disconnection (code: 7), will auto-reconnect
2025-11-15 11:16:08 - mqtt_client - INFO - 📡 Subscribed to: nugateway/D83ADDE4A3E0/command/relay
2025-11-15 11:16:08 - mqtt_client - INFO - 📡 Subscribed to: nugateway/D83ADDE4A3E0/command/upload
2025-11-15 11:16:09 - mqtt_client - INFO - ✅ Connected to MQTT broker: broker.nuteknoloji.com:1883
2025-11-15 11:16:09 - mqtt_client - WARNING - ⚠️ Unexpected MQTT disconnection (code: 7), will auto-reconnect
2025-11-15 11:16:09 - mqtt_client - INFO - 📡 Subscribed to: nugateway/D83ADDE4A3E0/command/relay
2025-11-15 11:16:09 - mqtt_client - INFO - 📡 Subscribed to: nugateway/D83ADDE4A3E0/command/upload
2025-11-15 11:16:10 - mqtt_client - WARNING - ⚠️ Unexpected MQTT disconnection (code: 7), will auto-reconnect
2025-11-15 11:16:10 - mqtt_client - INFO - ✅ Connected to MQTT broker: broker.nuteknoloji.com:1883
2025-11-15 11:16:10 - mqtt_client - INFO - 📡 Subscribed to: nugateway/D83ADDE4A3E0/command/relay
2025-11-15 11:16:10 - mqtt_client - INFO - 📡 Subscribed to: nugateway/D83ADDE4A3E0/command/upload
2025-11-15 11:16:11 - mqtt_client - INFO - ✅ Connected to MQTT broker: broker.nuteknoloji.com:1883
2025-11-15 11:16:11 - mqtt_client - WARNING - ⚠️ Unexpected MQTT disconnection (code: 7), will auto-reconnect
2025-11-15 11:16:11 - mqtt_client - INFO - 📡 Subscribed to: nugateway/D83ADDE4A3E0/command/relay
2025-11-15 11:16:11 - mqtt_client - INFO - 📡 Subscribed to: nugateway/D83ADDE4A3E0/command/upload
2025-11-15 11:16:13 - mqtt_client - WARNING - ⚠️ Unexpected MQTT disconnection (code: 7), will auto-reconnect
2025-11-15 11:16:13 - mqtt_client - INFO - ✅ Connected to MQTT broker: broker.nuteknoloji.com:1883
2025-11-15 11:16:13 - mqtt_client - INFO - 📡 Subscribed to: nugateway/D83ADDE4A3E0/command/relay
2025-11-15 11:16:13 - mqtt_client - INFO - 📡 Subscribed to: nugateway/D83ADDE4A3E0/command/upload
2025-11-15 11:16:14 - mqtt_client - WARNING - ⚠️ Unexpected MQTT disconnection (code: 7), will auto-reconnect
2025-11-15 11:16:14 - mqtt_client - INFO - ✅ Connected to MQTT broker: broker.nuteknoloji.com:1883
2025-11-15 11:16:14 - mqtt_client - INFO - 📡 Subscribed to: nugateway/D83ADDE4A3E0/command/relay
2025-11-15 11:16:14 - mqtt_client - INFO - 📡 Subscribed to: nugateway/D83ADDE4A3E0/command/upload
2025-11-15 11:16:15 - mqtt_client - INFO - ✅ Connected to MQTT broker: broker.nuteknoloji.com:1883
2025-11-15 11:16:15 - mqtt_client - INFO - 📡 Subscribed to: nugateway/D83ADDE4A3E0/command/relay
2025-11-15 11:16:15 - mqtt_client - INFO - 📡 Subscribed to: nugateway/D83ADDE4A3E0/command/upload
2025-11-15 11:16:15 - mqtt_client - WARNING - ⚠️ Unexpected MQTT disconnection (code: 7), will auto-reconnect
2025-11-15 11:16:16 - mqtt_client - WARNING - ⚠️ Unexpected MQTT disconnection (code: 7), will auto-reconnect
2025-11-15 11:16:16 - mqtt_client - INFO - ✅ Connected to MQTT broker: broker.nuteknoloji.com:1883
2025-11-15 11:16:16 - mqtt_client - INFO - 📡 Subscribed to: nugateway/D83ADDE4A3E0/command/relay
2025-11-15 11:16:16 - mqtt_client - INFO - 📡 Subscribed to: nugateway/D83ADDE4A3E0/command/upload
2025-11-15 11:16:17 - mqtt_client - INFO - ✅ Connected to MQTT broker: broker.nuteknoloji.com:1883
2025-11-15 11:16:17 - mqtt_client - WARNING - ⚠️ Unexpected MQTT disconnection (code: 7), will auto-reconnect
2025-11-15 11:16:17 - mqtt_client - INFO - 📡 Subscribed to: nugateway/D83ADDE4A3E0/command/relay
2025-11-15 11:16:17 - mqtt_client - INFO - 📡 Subscribed to: nugateway/D83ADDE4A3E0/command/upload
2025-11-15 11:16:18 - mqtt_client - INFO - ✅ Connected to MQTT broker: broker.nuteknoloji.com:1883
2025-11-15 11:16:18 - mqtt_client - WARNING - ⚠️ Unexpected MQTT disconnection (code: 7), will auto-reconnect
2025-11-15 11:16:18 - mqtt_client - INFO - 📡 Subscribed to: nugateway/D83ADDE4A3E0/command/relay
2025-11-15 11:16:18 - mqtt_client - INFO - 📡 Subscribed to: nugateway/D83ADDE4A3E0/command/upload
2025-11-15 11:16:20 - mqtt_client - WARNING - ⚠️ Unexpected MQTT disconnection (code: 7), will auto-reconnect
2025-11-15 11:16:20 - mqtt_client - INFO - ✅ Connected to MQTT broker: broker.nuteknoloji.com:1883
2025-11-15 11:16:20 - mqtt_client - INFO - 📡 Subscribed to: nugateway/D83ADDE4A3E0/command/relay
2025-11-15 11:16:20 - mqtt_client - INFO - 📡 Subscribed to: nugateway/D83ADDE4A3E0/command/upload
2025-11-15 11:16:21 - mqtt_client - INFO - ✅ Connected to MQTT broker: broker.nuteknoloji.com:1883
2025-11-15 11:16:21 - mqtt_client - INFO - 📡 Subscribed to: nugateway/D83ADDE4A3E0/command/relay
2025-11-15 11:16:21 - mqtt_client - WARNING - ⚠️ Unexpected MQTT disconnection (code: 7), will auto-reconnect
2025-11-15 11:16:21 - mqtt_client - INFO - 📡 Subscribed to: nugateway/D83ADDE4A3E0/command/upload
2025-11-15 11:16:22 - mqtt_client - WARNING - ⚠️ Unexpected MQTT disconnection (code: 7), will auto-reconnect
2025-11-15 11:16:22 - mqtt_client - INFO - ✅ Connected to MQTT broker: broker.nuteknoloji.com:1883
2025-11-15 11:16:22 - mqtt_client - INFO - 📡 Subscribed to: nugateway/D83ADDE4A3E0/command/relay
2025-11-15 11:16:22 - mqtt_client - INFO - 📡 Subscribed to: nugateway/D83ADDE4A3E0/command/upload
2025-11-15 11:16:23 - mqtt_client - INFO - ✅ Connected to MQTT broker: broker.nuteknoloji.com:1883
2025-11-15 11:16:23 - mqtt_client - WARNING - ⚠️ Unexpected MQTT disconnection (code: 7), will auto-reconnect
2025-11-15 11:16:23 - mqtt_client - INFO - 📡 Subscribed to: nugateway/D83ADDE4A3E0/command/relay
2025-11-15 11:16:23 - mqtt_client - INFO - 📡 Subscribed to: nugateway/D83ADDE4A3E0/command/upload
2025-11-15 11:16:24 - mqtt_client - WARNING - ⚠️ Unexpected MQTT disconnection (code: 7), will auto-reconnect
2025-11-15 11:16:24 - mqtt_client - INFO - ✅ Connected to MQTT broker: broker.nuteknoloji.com:1883
2025-11-15 11:16:24 - mqtt_client - INFO - 📡 Subscribed to: nugateway/D83ADDE4A3E0/command/relay
2025-11-15 11:16:24 - mqtt_client - INFO - 📡 Subscribed to: nugateway/D83ADDE4A3E0/command/upload
2025-11-15 11:16:26 - mqtt_client - WARNING - ⚠️ Unexpected MQTT disconnection (code: 7), will auto-reconnect
2025-11-15 11:16:26 - mqtt_client - INFO - ✅ Connected to MQTT broker: broker.nuteknoloji.com:1883
2025-11-15 11:16:26 - mqtt_client - INFO - 📡 Subscribed to: nugateway/D83ADDE4A3E0/command/relay
2025-11-15 11:16:26 - mqtt_client - INFO - 📡 Subscribed to: nugateway/D83ADDE4A3E0/command/upload
2025-11-15 11:16:27 - mqtt_client - WARNING - ⚠️ Unexpected MQTT disconnection (code: 7), will auto-reconnect
2025-11-15 11:16:27 - mqtt_client - INFO - ✅ Connected to MQTT broker: broker.nuteknoloji.com:1883
2025-11-15 11:16:27 - mqtt_client - INFO - 📡 Subscribed to: nugateway/D83ADDE4A3E0/command/relay
2025-11-15 11:16:27 - mqtt_client - INFO - 📡 Subscribed to: nugateway/D83ADDE4A3E0/command/upload
2025-11-15 11:16:28 - mqtt_client - INFO - ✅ Connected to MQTT broker: broker.nuteknoloji.com:1883
2025-11-15 11:16:28 - mqtt_client - WARNING - ⚠️ Unexpected MQTT disconnection (code: 7), will auto-reconnect
2025-11-15 11:16:28 - mqtt_client - INFO - 📡 Subscribed to: nugateway/D83ADDE4A3E0/command/relay
2025-11-15 11:16:28 - mqtt_client - INFO - 📡 Subscribed to: nugateway/D83ADDE4A3E0/command/upload
2025-11-15 11:16:29 - mqtt_client - WARNING - ⚠️ Unexpected MQTT disconnection (code: 7), will auto-reconnect
2025-11-15 11:16:29 - mqtt_client - INFO - ✅ Connected to MQTT broker: broker.nuteknoloji.com:1883
2025-11-15 11:16:29 - mqtt_client - INFO - 📡 Subscribed to: nugateway/D83ADDE4A3E0/command/relay
2025-11-15 11:16:29 - mqtt_client - INFO - 📡 Subscribed to: nugateway/D83ADDE4A3E0/command/upload
2025-11-15 11:16:30 - mqtt_client - WARNING - ⚠️ Unexpected MQTT disconnection (code: 7), will auto-reconnect
2025-11-15 11:16:30 - mqtt_client - INFO - ✅ Connected to MQTT broker: broker.nuteknoloji.com:1883
2025-11-15 11:16:30 - mqtt_client - INFO - 📡 Subscribed to: nugateway/D83ADDE4A3E0/command/relay
2025-11-15 11:16:30 - mqtt_client - INFO - 📡 Subscribed to: nugateway/D83ADDE4A3E0/command/upload
2025-11-15 11:16:31 - mqtt_client - INFO - ✅ Connected to MQTT broker: broker.nuteknoloji.com:1883
2025-11-15 11:16:31 - mqtt_client - WARNING - ⚠️ Unexpected MQTT disconnection (code: 7), will auto-reconnect
2025-11-15 11:16:31 - mqtt_client - INFO - 📡 Subscribed to: nugateway/D83ADDE4A3E0/command/relay
2025-11-15 11:16:31 - mqtt_client - INFO - 📡 Subscribed to: nugateway/D83ADDE4A3E0/command/upload
2025-11-15 11:16:33 - mqtt_client - WARNING - ⚠️ Unexpected MQTT disconnection (code: 7), will auto-reconnect
2025-11-15 11:16:33 - mqtt_client - INFO - ✅ Connected to MQTT broker: broker.nuteknoloji.com:1883
2025-11-15 11:16:33 - mqtt_client - INFO - 📡 Subscribed to: nugateway/D83ADDE4A3E0/command/relay
2025-11-15 11:16:33 - mqtt_client - INFO - 📡 Subscribed to: nugateway/D83ADDE4A3E0/command/upload
2025-11-15 11:16:34 - mqtt_client - INFO - ✅ Connected to MQTT broker: broker.nuteknoloji.com:1883
2025-11-15 11:16:34 - mqtt_client - WARNING - ⚠️ Unexpected MQTT disconnection (code: 7), will auto-reconnect
2025-11-15 11:16:34 - mqtt_client - INFO - 📡 Subscribed to: nugateway/D83ADDE4A3E0/command/relay
2025-11-15 11:16:34 - mqtt_client - INFO - 📡 Subscribed to: nugateway/D83ADDE4A3E0/command/upload
2025-11-15 11:16:35 - mqtt_client - INFO - ✅ Connected to MQTT broker: broker.nuteknoloji.com:1883
2025-11-15 11:16:35 - mqtt_client - WARNING - ⚠️ Unexpected MQTT disconnection (code: 7), will auto-reconnect
2025-11-15 11:16:35 - mqtt_client - INFO - 📡 Subscribed to: nugateway/D83ADDE4A3E0/command/relay
2025-11-15 11:16:35 - mqtt_client - INFO - 📡 Subscribed to: nugateway/D83ADDE4A3E0/command/upload
2025-11-15 11:16:36 - mqtt_client - WARNING - ⚠️ Unexpected MQTT disconnection (code: 7), will auto-reconnect
2025-11-15 11:16:36 - mqtt_client - INFO - ✅ Connected to MQTT broker: broker.nuteknoloji.com:1883
2025-11-15 11:16:36 - mqtt_client - INFO - 📡 Subscribed to: nugateway/D83ADDE4A3E0/command/relay
2025-11-15 11:16:36 - mqtt_client - INFO - 📡 Subscribed to: nugateway/D83ADDE4A3E0/command/upload
2025-11-15 11:16:37 - mqtt_client - INFO - ✅ Connected to MQTT broker: broker.nuteknoloji.com:1883
2025-11-15 11:16:37 - mqtt_client - INFO - 📡 Subscribed to: nugateway/D83ADDE4A3E0/command/relay
2025-11-15 11:16:37 - mqtt_client - INFO - 📡 Subscribed to: nugateway/D83ADDE4A3E0/command/upload
2025-11-15 11:16:37 - mqtt_client - WARNING - ⚠️ Unexpected MQTT disconnection (code: 7), will auto-reconnect
2025-11-15 11:16:39 - mqtt_client - INFO - ✅ Connected to MQTT broker: broker.nuteknoloji.com:1883
2025-11-15 11:16:39 - mqtt_client - WARNING - ⚠️ Unexpected MQTT disconnection (code: 7), will auto-reconnect
2025-11-15 11:16:39 - mqtt_client - INFO - 📡 Subscribed to: nugateway/D83ADDE4A3E0/command/relay
2025-11-15 11:16:39 - mqtt_client - INFO - 📡 Subscribed to: nugateway/D83ADDE4A3E0/command/upload
2025-11-15 11:16:40 - mqtt_client - WARNING - ⚠️ Unexpected MQTT disconnection (code: 7), will auto-reconnect
2025-11-15 11:16:40 - mqtt_client - INFO - ✅ Connected to MQTT broker: broker.nuteknoloji.com:1883
2025-11-15 11:16:40 - mqtt_client - INFO - 📡 Subscribed to: nugateway/D83ADDE4A3E0/command/relay
2025-11-15 11:16:40 - mqtt_client - INFO - 📡 Subscribed to: nugateway/D83ADDE4A3E0/command/upload
2025-11-15 11:16:41 - mqtt_client - WARNING - ⚠️ Unexpected MQTT disconnection (code: 7), will auto-reconnect
2025-11-15 11:16:41 - mqtt_client - INFO - ✅ Connected to MQTT broker: broker.nuteknoloji.com:1883
2025-11-15 11:16:41 - mqtt_client - INFO - 📡 Subscribed to: nugateway/D83ADDE4A3E0/command/relay
2025-11-15 11:16:41 - mqtt_client - INFO - 📡 Subscribed to: nugateway/D83ADDE4A3E0/command/upload
2025-11-15 11:16:42 - mqtt_client - INFO - ✅ Connected to MQTT broker: broker.nuteknoloji.com:1883
2025-11-15 11:16:42 - mqtt_client - WARNING - ⚠️ Unexpected MQTT disconnection (code: 7), will auto-reconnect
2025-11-15 11:16:42 - mqtt_client - INFO - 📡 Subscribed to: nugateway/D83ADDE4A3E0/command/relay
2025-11-15 11:16:42 - mqtt_client - INFO - 📡 Subscribed to: nugateway/D83ADDE4A3E0/command/upload
2025-11-15 11:16:43 - mqtt_client - WARNING - ⚠️ Unexpected MQTT disconnection (code: 7), will auto-reconnect
2025-11-15 11:16:43 - mqtt_client - INFO - ✅ Connected to MQTT broker: broker.nuteknoloji.com:1883
2025-11-15 11:16:43 - mqtt_client - INFO - 📡 Subscribed to: nugateway/D83ADDE4A3E0/command/relay
2025-11-15 11:16:43 - mqtt_client - INFO - 📡 Subscribed to: nugateway/D83ADDE4A3E0/command/upload
2025-11-15 11:16:44 - mqtt_client - INFO - ✅ Connected to MQTT broker: broker.nuteknoloji.com:1883
2025-11-15 11:16:44 - mqtt_client - WARNING - ⚠️ Unexpected MQTT disconnection (code: 7), will auto-reconnect
2025-11-15 11:16:44 - mqtt_client - INFO - 📡 Subscribed to: nugateway/D83ADDE4A3E0/command/relay
2025-11-15 11:16:44 - mqtt_client - INFO - 📡 Subscribed to: nugateway/D83ADDE4A3E0/command/upload
2025-11-15 11:16:46 - mqtt_client - WARNING - ⚠️ Unexpected MQTT disconnection (code: 7), will auto-reconnect
2025-11-15 11:16:46 - mqtt_client - INFO - ✅ Connected to MQTT broker: broker.nuteknoloji.com:1883
2025-11-15 11:16:46 - mqtt_client - INFO - 📡 Subscribed to: nugateway/D83ADDE4A3E0/command/relay
2025-11-15 11:16:46 - mqtt_client - INFO - 📡 Subscribed to: nugateway/D83ADDE4A3E0/command/upload
2025-11-15 11:16:47 - mqtt_client - WARNING - ⚠️ Unexpected MQTT disconnection (code: 7), will auto-reconnect
2025-11-15 11:16:47 - mqtt_client - INFO - ✅ Connected to MQTT broker: broker.nuteknoloji.com:1883
2025-11-15 11:16:47 - mqtt_client - INFO - 📡 Subscribed to: nugateway/D83ADDE4A3E0/command/relay
2025-11-15 11:16:47 - mqtt_client - INFO - 📡 Subscribed to: nugateway/D83ADDE4A3E0/command/upload
2025-11-15 11:16:48 - mqtt_client - WARNING - ⚠️ Unexpected MQTT disconnection (code: 7), will auto-reconnect
2025-11-15 11:16:48 - mqtt_client - INFO - ✅ Connected to MQTT broker: broker.nuteknoloji.com:1883
2025-11-15 11:16:48 - mqtt_client - INFO - 📡 Subscribed to: nugateway/D83ADDE4A3E0/command/relay
2025-11-15 11:16:48 - mqtt_client - INFO - 📡 Subscribed to: nugateway/D83ADDE4A3E0/command/upload
2025-11-15 11:16:49 - mqtt_client - INFO - ✅ Connected to MQTT broker: broker.nuteknoloji.com:1883
2025-11-15 11:16:49 - mqtt_client - WARNING - ⚠️ Unexpected MQTT disconnection (code: 7), will auto-reconnect
2025-11-15 11:16:49 - mqtt_client - INFO - 📡 Subscribed to: nugateway/D83ADDE4A3E0/command/relay
2025-11-15 11:16:49 - mqtt_client - INFO - 📡 Subscribed to: nugateway/D83ADDE4A3E0/command/upload
2025-11-15 11:16:50 - mqtt_client - WARNING - ⚠️ Unexpected MQTT disconnection (code: 7), will auto-reconnect
2025-11-15 11:16:50 - mqtt_client - INFO - ✅ Connected to MQTT broker: broker.nuteknoloji.com:1883
2025-11-15 11:16:50 - mqtt_client - INFO - 📡 Subscribed to: nugateway/D83ADDE4A3E0/command/relay
2025-11-15 11:16:50 - mqtt_client - INFO - 📡 Subscribed to: nugateway/D83ADDE4A3E0/command/upload
2025-11-15 11:16:52 - mqtt_client - INFO - ✅ Connected to MQTT broker: broker.nuteknoloji.com:1883
2025-11-15 11:16:52 - mqtt_client - INFO - 📡 Subscribed to: nugateway/D83ADDE4A3E0/command/relay
2025-11-15 11:16:52 - mqtt_client - INFO - 📡 Subscribed to: nugateway/D83ADDE4A3E0/command/upload
2025-11-15 11:16:52 - mqtt_client - WARNING - ⚠️ Unexpected MQTT disconnection (code: 7), will auto-reconnect
2025-11-15 11:16:53 - mqtt_client - WARNING - ⚠️ Unexpected MQTT disconnection (code: 7), will auto-reconnect
2025-11-15 11:16:53 - mqtt_client - INFO - ✅ Connected to MQTT broker: broker.nuteknoloji.com:1883
2025-11-15 11:16:53 - mqtt_client - INFO - 📡 Subscribed to: nugateway/D83ADDE4A3E0/command/relay
2025-11-15 11:16:53 - mqtt_client - INFO - 📡 Subscribed to: nugateway/D83ADDE4A3E0/command/upload
2025-11-15 11:16:54 - mqtt_client - WARNING - ⚠️ Unexpected MQTT disconnection (code: 7), will auto-reconnect
2025-11-15 11:16:54 - mqtt_client - INFO - ✅ Connected to MQTT broker: broker.nuteknoloji.com:1883
2025-11-15 11:16:54 - mqtt_client - INFO - 📡 Subscribed to: nugateway/D83ADDE4A3E0/command/relay
2025-11-15 11:16:54 - mqtt_client - INFO - 📡 Subscribed to: nugateway/D83ADDE4A3E0/command/upload
2025-11-15 11:16:55 - mqtt_client - WARNING - ⚠️ Unexpected MQTT disconnection (code: 7), will auto-reconnect
2025-11-15 11:16:55 - mqtt_client - INFO - ✅ Connected to MQTT broker: broker.nuteknoloji.com:1883
2025-11-15 11:16:55 - mqtt_client - INFO - 📡 Subscribed to: nugateway/D83ADDE4A3E0/command/relay
2025-11-15 11:16:55 - mqtt_client - INFO - 📡 Subscribed to: nugateway/D83ADDE4A3E0/command/upload
2025-11-15 11:16:56 - mqtt_client - WARNING - ⚠️ Unexpected MQTT disconnection (code: 7), will auto-reconnect
2025-11-15 11:16:56 - mqtt_client - INFO - ✅ Connected to MQTT broker: broker.nuteknoloji.com:1883
2025-11-15 11:16:56 - mqtt_client - INFO - 📡 Subscribed to: nugateway/D83ADDE4A3E0/command/relay
2025-11-15 11:16:56 - mqtt_client - INFO - 📡 Subscribed to: nugateway/D83ADDE4A3E0/command/upload
2025-11-15 11:16:57 - mqtt_client - WARNING - ⚠️ Unexpected MQTT disconnection (code: 7), will auto-reconnect
2025-11-15 11:16:57 - mqtt_client - INFO - ✅ Connected to MQTT broker: broker.nuteknoloji.com:1883
2025-11-15 11:16:57 - mqtt_client - INFO - 📡 Subscribed to: nugateway/D83ADDE4A3E0/command/relay
2025-11-15 11:16:57 - mqtt_client - INFO - 📡 Subscribed to: nugateway/D83ADDE4A3E0/command/upload
2025-11-15 11:16:59 - mqtt_client - INFO - ✅ Connected to MQTT broker: broker.nuteknoloji.com:1883
2025-11-15 11:16:59 - mqtt_client - WARNING - ⚠️ Unexpected MQTT disconnection (code: 7), will auto-reconnect
2025-11-15 11:16:59 - mqtt_client - INFO - 📡 Subscribed to: nugateway/D83ADDE4A3E0/command/relay
2025-11-15 11:16:59 - mqtt_client - INFO - 📡 Subscribed to: nugateway/D83ADDE4A3E0/command/upload
2025-11-15 11:17:00 - mqtt_client - WARNING - ⚠️ Unexpected MQTT disconnection (code: 7), will auto-reconnect
2025-11-15 11:17:00 - mqtt_client - INFO - ✅ Connected to MQTT broker: broker.nuteknoloji.com:1883
2025-11-15 11:17:00 - mqtt_client - INFO - 📡 Subscribed to: nugateway/D83ADDE4A3E0/command/relay
2025-11-15 11:17:00 - mqtt_client - INFO - 📡 Subscribed to: nugateway/D83ADDE4A3E0/command/upload
2025-11-15 11:17:01 - mqtt_client - INFO - ✅ Connected to MQTT broker: broker.nuteknoloji.com:1883
2025-11-15 11:17:01 - mqtt_client - WARNING - ⚠️ Unexpected MQTT disconnection (code: 7), will auto-reconnect
2025-11-15 11:17:01 - mqtt_client - INFO - 📡 Subscribed to: nugateway/D83ADDE4A3E0/command/relay
2025-11-15 11:17:01 - mqtt_client - INFO - 📡 Subscribed to: nugateway/D83ADDE4A3E0/command/upload
2025-11-15 11:17:02 - mqtt_client - WARNING - ⚠️ Unexpected MQTT disconnection (code: 7), will auto-reconnect
2025-11-15 11:17:02 - mqtt_client - INFO - ✅ Connected to MQTT broker: broker.nuteknoloji.com:1883
2025-11-15 11:17:02 - mqtt_client - INFO - 📡 Subscribed to: nugateway/D83ADDE4A3E0/command/relay
2025-11-15 11:17:02 - mqtt_client - INFO - 📡 Subscribed to: nugateway/D83ADDE4A3E0/command/upload
2025-11-15 11:17:03 - mqtt_client - WARNING - ⚠️ Unexpected MQTT disconnection (code: 7), will auto-reconnect
2025-11-15 11:17:03 - mqtt_client - INFO - ✅ Connected to MQTT broker: broker.nuteknoloji.com:1883
2025-11-15 11:17:03 - mqtt_client - INFO - 📡 Subscribed to: nugateway/D83ADDE4A3E0/command/relay
2025-11-15 11:17:03 - mqtt_client - INFO - 📡 Subscribed to: nugateway/D83ADDE4A3E0/command/upload
2025-11-15 11:17:05 - mqtt_client - INFO - ✅ Connected to MQTT broker: broker.nuteknoloji.com:1883
2025-11-15 11:17:05 - mqtt_client - INFO - 📡 Subscribed to: nugateway/D83ADDE4A3E0/command/relay
2025-11-15 11:17:05 - mqtt_client - INFO - 📡 Subscribed to: nugateway/D83ADDE4A3E0/command/upload
2025-11-15 11:17:05 - mqtt_client - WARNING - ⚠️ Unexpected MQTT disconnection (code: 7), will auto-reconnect
2025-11-15 11:17:06 - mqtt_client - INFO - ✅ Connected to MQTT broker: broker.nuteknoloji.com:1883
2025-11-15 11:17:06 - mqtt_client - WARNING - ⚠️ Unexpected MQTT disconnection (code: 7), will auto-reconnect
2025-11-15 11:17:06 - mqtt_client - INFO - 📡 Subscribed to: nugateway/D83ADDE4A3E0/command/relay
2025-11-15 11:17:06 - mqtt_client - INFO - 📡 Subscribed to: nugateway/D83ADDE4A3E0/command/upload
2025-11-15 11:17:07 - mqtt_client - WARNING - ⚠️ Unexpected MQTT disconnection (code: 7), will auto-reconnect
2025-11-15 11:17:07 - mqtt_client - INFO - ✅ Connected to MQTT broker: broker.nuteknoloji.com:1883
2025-11-15 11:17:07 - mqtt_client - INFO - 📡 Subscribed to: nugateway/D83ADDE4A3E0/command/relay
2025-11-15 11:17:07 - mqtt_client - INFO - 📡 Subscribed to: nugateway/D83ADDE4A3E0/command/upload
2025-11-15 11:17:08 - mqtt_client - WARNING - ⚠️ Unexpected MQTT disconnection (code: 7), will auto-reconnect
2025-11-15 11:17:08 - mqtt_client - INFO - ✅ Connected to MQTT broker: broker.nuteknoloji.com:1883
2025-11-15 11:17:08 - mqtt_client - INFO - 📡 Subscribed to: nugateway/D83ADDE4A3E0/command/relay
2025-11-15 11:17:08 - mqtt_client - INFO - 📡 Subscribed to: nugateway/D83ADDE4A3E0/command/upload
2025-11-15 11:17:09 - mqtt_client - INFO - ✅ Connected to MQTT broker: broker.nuteknoloji.com:1883
2025-11-15 11:17:09 - mqtt_client - WARNING - ⚠️ Unexpected MQTT disconnection (code: 7), will auto-reconnect
2025-11-15 11:17:09 - mqtt_client - INFO - 📡 Subscribed to: nugateway/D83ADDE4A3E0/command/relay
2025-11-15 11:17:09 - mqtt_client - INFO - 📡 Subscribed to: nugateway/D83ADDE4A3E0/command/upload
2025-11-15 11:17:10 - mqtt_client - INFO - ✅ Connected to MQTT broker: broker.nuteknoloji.com:1883
2025-11-15 11:17:10 - mqtt_client - WARNING - ⚠️ Unexpected MQTT disconnection (code: 7), will auto-reconnect
2025-11-15 11:17:10 - mqtt_client - INFO - 📡 Subscribed to: nugateway/D83ADDE4A3E0/command/relay
2025-11-15 11:17:10 - mqtt_client - INFO - 📡 Subscribed to: nugateway/D83ADDE4A3E0/command/upload
2025-11-15 11:17:12 - mqtt_client - INFO - ✅ Connected to MQTT broker: broker.nuteknoloji.com:1883
2025-11-15 11:17:12 - mqtt_client - WARNING - ⚠️ Unexpected MQTT disconnection (code: 7), will auto-reconnect
2025-11-15 11:17:12 - mqtt_client - INFO - 📡 Subscribed to: nugateway/D83ADDE4A3E0/command/relay
2025-11-15 11:17:12 - mqtt_client - INFO - 📡 Subscribed to: nugateway/D83ADDE4A3E0/command/upload
2025-11-15 11:17:13 - mqtt_client - WARNING - ⚠️ Unexpected MQTT disconnection (code: 7), will auto-reconnect
2025-11-15 11:17:13 - mqtt_client - INFO - ✅ Connected to MQTT broker: broker.nuteknoloji.com:1883
2025-11-15 11:17:13 - mqtt_client - INFO - 📡 Subscribed to: nugateway/D83ADDE4A3E0/command/relay
2025-11-15 11:17:13 - mqtt_client - INFO - 📡 Subscribed to: nugateway/D83ADDE4A3E0/command/upload
2025-11-15 11:17:14 - mqtt_client - INFO - ✅ Connected to MQTT broker: broker.nuteknoloji.com:1883
2025-11-15 11:17:14 - mqtt_client - INFO - 📡 Subscribed to: nugateway/D83ADDE4A3E0/command/relay
2025-11-15 11:17:14 - mqtt_client - INFO - 📡 Subscribed to: nugateway/D83ADDE4A3E0/command/upload
2025-11-15 11:17:14 - mqtt_client - WARNING - ⚠️ Unexpected MQTT disconnection (code: 7), will auto-reconnect
2025-11-15 11:17:15 - mqtt_client - INFO - ✅ Connected to MQTT broker: broker.nuteknoloji.com:1883
2025-11-15 11:17:15 - mqtt_client - WARNING - ⚠️ Unexpected MQTT disconnection (code: 7), will auto-reconnect
2025-11-15 11:17:15 - mqtt_client - INFO - 📡 Subscribed to: nugateway/D83ADDE4A3E0/command/relay
2025-11-15 11:17:15 - mqtt_client - INFO - 📡 Subscribed to: nugateway/D83ADDE4A3E0/command/upload
2025-11-15 11:17:16 - mqtt_client - WARNING - ⚠️ Unexpected MQTT disconnection (code: 7), will auto-reconnect
2025-11-15 11:17:16 - mqtt_client - INFO - ✅ Connected to MQTT broker: broker.nuteknoloji.com:1883
2025-11-15 11:17:16 - mqtt_client - INFO - 📡 Subscribed to: nugateway/D83ADDE4A3E0/command/relay
2025-11-15 11:17:16 - mqtt_client - INFO - 📡 Subscribed to: nugateway/D83ADDE4A3E0/command/upload
2025-11-15 11:17:17 - mqtt_client - WARNING - ⚠️ Unexpected MQTT disconnection (code: 7), will auto-reconnect
2025-11-15 11:17:17 - mqtt_client - INFO - ✅ Connected to MQTT broker: broker.nuteknoloji.com:1883
2025-11-15 11:17:17 - mqtt_client - INFO - 📡 Subscribed to: nugateway/D83ADDE4A3E0/command/relay
2025-11-15 11:17:17 - mqtt_client - INFO - 📡 Subscribed to: nugateway/D83ADDE4A3E0/command/upload
2025-11-15 11:17:19 - mqtt_client - WARNING - ⚠️ Unexpected MQTT disconnection (code: 7), will auto-reconnect
2025-11-15 11:17:19 - mqtt_client - INFO - ✅ Connected to MQTT broker: broker.nuteknoloji.com:1883
2025-11-15 11:17:19 - mqtt_client - INFO - 📡 Subscribed to: nugateway/D83ADDE4A3E0/command/relay
2025-11-15 11:17:19 - mqtt_client - INFO - 📡 Subscribed to: nugateway/D83ADDE4A3E0/command/upload
2025-11-15 11:17:20 - mqtt_client - INFO - ✅ Connected to MQTT broker: broker.nuteknoloji.com:1883
2025-11-15 11:17:20 - mqtt_client - WARNING - ⚠️ Unexpected MQTT disconnection (code: 7), will auto-reconnect
2025-11-15 11:17:20 - mqtt_client - INFO - 📡 Subscribed to: nugateway/D83ADDE4A3E0/command/relay
2025-11-15 11:17:20 - mqtt_client - INFO - 📡 Subscribed to: nugateway/D83ADDE4A3E0/command/upload
2025-11-15 11:17:21 - mqtt_client - WARNING - ⚠️ Unexpected MQTT disconnection (code: 7), will auto-reconnect
2025-11-15 11:17:21 - mqtt_client - INFO - ✅ Connected to MQTT broker: broker.nuteknoloji.com:1883
2025-11-15 11:17:21 - mqtt_client - INFO - 📡 Subscribed to: nugateway/D83ADDE4A3E0/command/relay
2025-11-15 11:17:21 - mqtt_client - INFO - 📡 Subscribed to: nugateway/D83ADDE4A3E0/command/upload
2025-11-15 11:17:22 - mqtt_client - INFO - ✅ Connected to MQTT broker: broker.nuteknoloji.com:1883
2025-11-15 11:17:22 - mqtt_client - WARNING - ⚠️ Unexpected MQTT disconnection (code: 7), will auto-reconnect
2025-11-15 11:17:22 - mqtt_client - INFO - 📡 Subscribed to: nugateway/D83ADDE4A3E0/command/relay
2025-11-15 11:17:22 - mqtt_client - INFO - 📡 Subscribed to: nugateway/D83ADDE4A3E0/command/upload
2025-11-15 11:17:23 - mqtt_client - WARNING - ⚠️ Unexpected MQTT disconnection (code: 7), will auto-reconnect
2025-11-15 11:17:23 - mqtt_client - INFO - ✅ Connected to MQTT broker: broker.nuteknoloji.com:1883
2025-11-15 11:17:23 - mqtt_client - INFO - 📡 Subscribed to: nugateway/D83ADDE4A3E0/command/relay
2025-11-15 11:17:23 - mqtt_client - INFO - 📡 Subscribed to: nugateway/D83ADDE4A3E0/command/upload
2025-11-15 11:17:25 - mqtt_client - INFO - ✅ Connected to MQTT broker: broker.nuteknoloji.com:1883
2025-11-15 11:17:25 - mqtt_client - WARNING - ⚠️ Unexpected MQTT disconnection (code: 7), will auto-reconnect
2025-11-15 11:17:25 - mqtt_client - INFO - 📡 Subscribed to: nugateway/D83ADDE4A3E0/command/relay
2025-11-15 11:17:25 - mqtt_client - INFO - 📡 Subscribed to: nugateway/D83ADDE4A3E0/command/upload
2025-11-15 11:17:26 - mqtt_client - INFO - ✅ Connected to MQTT broker: broker.nuteknoloji.com:1883
2025-11-15 11:17:26 - mqtt_client - WARNING - ⚠️ Unexpected MQTT disconnection (code: 7), will auto-reconnect
2025-11-15 11:17:26 - mqtt_client - INFO - 📡 Subscribed to: nugateway/D83ADDE4A3E0/command/relay
2025-11-15 11:17:26 - mqtt_client - INFO - 📡 Subscribed to: nugateway/D83ADDE4A3E0/command/upload
2025-11-15 11:17:27 - mqtt_client - WARNING - ⚠️ Unexpected MQTT disconnection (code: 7), will auto-reconnect
2025-11-15 11:17:27 - mqtt_client - INFO - ✅ Connected to MQTT broker: broker.nuteknoloji.com:1883
2025-11-15 11:17:27 - mqtt_client - INFO - 📡 Subscribed to: nugateway/D83ADDE4A3E0/command/relay
2025-11-15 11:17:27 - mqtt_client - INFO - 📡 Subscribed to: nugateway/D83ADDE4A3E0/command/upload
2025-11-15 11:17:28 - mqtt_client - INFO - ✅ Connected to MQTT broker: broker.nuteknoloji.com:1883
2025-11-15 11:17:28 - mqtt_client - WARNING - ⚠️ Unexpected MQTT disconnection (code: 7), will auto-reconnect
2025-11-15 11:17:28 - mqtt_client - INFO - 📡 Subscribed to: nugateway/D83ADDE4A3E0/command/relay
2025-11-15 11:17:28 - mqtt_client - INFO - 📡 Subscribed to: nugateway/D83ADDE4A3E0/command/upload
2025-11-15 11:17:29 - mqtt_client - WARNING - ⚠️ Unexpected MQTT disconnection (code: 7), will auto-reconnect
2025-11-15 11:17:29 - mqtt_client - INFO - ✅ Connected to MQTT broker: broker.nuteknoloji.com:1883
2025-11-15 11:17:29 - mqtt_client - INFO - 📡 Subscribed to: nugateway/D83ADDE4A3E0/command/relay
2025-11-15 11:17:29 - mqtt_client - INFO - 📡 Subscribed to: nugateway/D83ADDE4A3E0/command/upload
2025-11-15 11:17:30 - mqtt_client - WARNING - ⚠️ Unexpected MQTT disconnection (code: 7), will auto-reconnect
2025-11-15 11:17:31 - mqtt_client - INFO - ✅ Connected to MQTT broker: broker.nuteknoloji.com:1883
2025-11-15 11:17:31 - mqtt_client - INFO - 📡 Subscribed to: nugateway/D83ADDE4A3E0/command/relay
2025-11-15 11:17:31 - mqtt_client - INFO - 📡 Subscribed to: nugateway/D83ADDE4A3E0/command/upload
2025-11-15 11:17:32 - mqtt_client - WARNING - ⚠️ Unexpected MQTT disconnection (code: 7), will auto-reconnect
2025-11-15 11:17:32 - mqtt_client - INFO - ✅ Connected to MQTT broker: broker.nuteknoloji.com:1883
2025-11-15 11:17:32 - mqtt_client - INFO - 📡 Subscribed to: nugateway/D83ADDE4A3E0/command/relay
2025-11-15 11:17:32 - mqtt_client - INFO - 📡 Subscribed to: nugateway/D83ADDE4A3E0/command/upload
2025-11-15 11:17:33 - mqtt_client - INFO - ✅ Connected to MQTT broker: broker.nuteknoloji.com:1883
2025-11-15 11:17:33 - mqtt_client - WARNING - ⚠️ Unexpected MQTT disconnection (code: 7), will auto-reconnect
2025-11-15 11:17:33 - mqtt_client - INFO - 📡 Subscribed to: nugateway/D83ADDE4A3E0/command/relay
2025-11-15 11:17:33 - mqtt_client - INFO - 📡 Subscribed to: nugateway/D83ADDE4A3E0/command/upload
2025-11-15 11:17:34 - mqtt_client - WARNING - ⚠️ Unexpected MQTT disconnection (code: 7), will auto-reconnect
2025-11-15 11:17:34 - mqtt_client - INFO - ✅ Connected to MQTT broker: broker.nuteknoloji.com:1883
2025-11-15 11:17:34 - mqtt_client - INFO - 📡 Subscribed to: nugateway/D83ADDE4A3E0/command/relay
2025-11-15 11:17:34 - mqtt_client - INFO - 📡 Subscribed to: nugateway/D83ADDE4A3E0/command/upload
2025-11-15 11:17:35 - mqtt_client - WARNING - ⚠️ Unexpected MQTT disconnection (code: 7), will auto-reconnect
2025-11-15 11:17:35 - mqtt_client - INFO - ✅ Connected to MQTT broker: broker.nuteknoloji.com:1883
2025-11-15 11:17:35 - mqtt_client - INFO - 📡 Subscribed to: nugateway/D83ADDE4A3E0/command/relay
2025-11-15 11:17:35 - mqtt_client - INFO - 📡 Subscribed to: nugateway/D83ADDE4A3E0/command/upload
2025-11-15 11:17:36 - mqtt_client - INFO - ✅ Connected to MQTT broker: broker.nuteknoloji.com:1883
2025-11-15 11:17:36 - mqtt_client - WARNING - ⚠️ Unexpected MQTT disconnection (code: 7), will auto-reconnect
2025-11-15 11:17:36 - mqtt_client - INFO - 📡 Subscribed to: nugateway/D83ADDE4A3E0/command/relay
2025-11-15 11:17:36 - mqtt_client - INFO - 📡 Subscribed to: nugateway/D83ADDE4A3E0/command/upload
2025-11-15 11:17:38 - mqtt_client - INFO - ✅ Connected to MQTT broker: broker.nuteknoloji.com:1883
2025-11-15 11:17:38 - mqtt_client - WARNING - ⚠️ Unexpected MQTT disconnection (code: 7), will auto-reconnect
2025-11-15 11:17:38 - mqtt_client - INFO - 📡 Subscribed to: nugateway/D83ADDE4A3E0/command/relay
2025-11-15 11:17:38 - mqtt_client - INFO - 📡 Subscribed to: nugateway/D83ADDE4A3E0/command/upload
2025-11-15 11:17:39 - mqtt_client - INFO - ✅ Connected to MQTT broker: broker.nuteknoloji.com:1883
2025-11-15 11:17:39 - mqtt_client - WARNING - ⚠️ Unexpected MQTT disconnection (code: 7), will auto-reconnect
2025-11-15 11:17:39 - mqtt_client - INFO - 📡 Subscribed to: nugateway/D83ADDE4A3E0/command/relay
2025-11-15 11:17:39 - mqtt_client - INFO - 📡 Subscribed to: nugateway/D83ADDE4A3E0/command/upload
2025-11-15 11:17:40 - mqtt_client - WARNING - ⚠️ Unexpected MQTT disconnection (code: 7), will auto-reconnect
2025-11-15 11:17:40 - mqtt_client - INFO - ✅ Connected to MQTT broker: broker.nuteknoloji.com:1883
2025-11-15 11:17:40 - mqtt_client - INFO - 📡 Subscribed to: nugateway/D83ADDE4A3E0/command/relay
2025-11-15 11:17:40 - mqtt_client - INFO - 📡 Subscribed to: nugateway/D83ADDE4A3E0/command/upload
2025-11-15 11:17:41 - mqtt_client - INFO - ✅ Connected to MQTT broker: broker.nuteknoloji.com:1883
2025-11-15 11:17:41 - mqtt_client - WARNING - ⚠️ Unexpected MQTT disconnection (code: 7), will auto-reconnect
2025-11-15 11:17:41 - mqtt_client - INFO - 📡 Subscribed to: nugateway/D83ADDE4A3E0/command/relay
2025-11-15 11:17:41 - mqtt_client - INFO - 📡 Subscribed to: nugateway/D83ADDE4A3E0/command/upload
2025-11-15 11:17:42 - mqtt_client - INFO - ✅ Connected to MQTT broker: broker.nuteknoloji.com:1883
2025-11-15 11:17:42 - mqtt_client - WARNING - ⚠️ Unexpected MQTT disconnection (code: 7), will auto-reconnect
2025-11-15 11:17:42 - mqtt_client - INFO - 📡 Subscribed to: nugateway/D83ADDE4A3E0/command/relay
2025-11-15 11:17:42 - mqtt_client - INFO - 📡 Subscribed to: nugateway/D83ADDE4A3E0/command/upload
2025-11-15 11:17:43 - mqtt_client - INFO - ✅ Connected to MQTT broker: broker.nuteknoloji.com:1883
2025-11-15 11:17:43 - mqtt_client - WARNING - ⚠️ Unexpected MQTT disconnection (code: 7), will auto-reconnect
2025-11-15 11:17:43 - mqtt_client - INFO - 📡 Subscribed to: nugateway/D83ADDE4A3E0/command/relay
2025-11-15 11:17:43 - mqtt_client - INFO - 📡 Subscribed to: nugateway/D83ADDE4A3E0/command/upload
2025-11-15 11:17:45 - mqtt_client - INFO - ✅ Connected to MQTT broker: broker.nuteknoloji.com:1883
2025-11-15 11:17:45 - mqtt_client - WARNING - ⚠️ Unexpected MQTT disconnection (code: 7), will auto-reconnect
2025-11-15 11:17:45 - mqtt_client - INFO - 📡 Subscribed to: nugateway/D83ADDE4A3E0/command/relay
2025-11-15 11:17:45 - mqtt_client - INFO - 📡 Subscribed to: nugateway/D83ADDE4A3E0/command/upload
2025-11-15 11:17:46 - mqtt_client - WARNING - ⚠️ Unexpected MQTT disconnection (code: 7), will auto-reconnect
2025-11-15 11:17:46 - mqtt_client - INFO - ✅ Connected to MQTT broker: broker.nuteknoloji.com:1883
2025-11-15 11:17:46 - mqtt_client - INFO - 📡 Subscribed to: nugateway/D83ADDE4A3E0/command/relay
2025-11-15 11:17:46 - mqtt_client - INFO - 📡 Subscribed to: nugateway/D83ADDE4A3E0/command/upload
2025-11-15 11:17:47 - mqtt_client - WARNING - ⚠️ Unexpected MQTT disconnection (code: 7), will auto-reconnect
2025-11-15 11:17:47 - mqtt_client - INFO - ✅ Connected to MQTT broker: broker.nuteknoloji.com:1883
2025-11-15 11:17:47 - mqtt_client - INFO - 📡 Subscribed to: nugateway/D83ADDE4A3E0/command/relay
2025-11-15 11:17:47 - mqtt_client - INFO - 📡 Subscribed to: nugateway/D83ADDE4A3E0/command/upload
2025-11-15 11:17:48 - mqtt_client - INFO - ✅ Connected to MQTT broker: broker.nuteknoloji.com:1883
2025-11-15 11:17:48 - mqtt_client - INFO - 📡 Subscribed to: nugateway/D83ADDE4A3E0/command/relay
2025-11-15 11:17:48 - mqtt_client - INFO - 📡 Subscribed to: nugateway/D83ADDE4A3E0/command/upload
2025-11-15 11:17:48 - mqtt_client - WARNING - ⚠️ Unexpected MQTT disconnection (code: 7), will auto-reconnect
2025-11-15 11:17:49 - mqtt_client - INFO - ✅ Connected to MQTT broker: broker.nuteknoloji.com:1883
2025-11-15 11:17:49 - mqtt_client - INFO - 📡 Subscribed to: nugateway/D83ADDE4A3E0/command/relay
2025-11-15 11:17:49 - mqtt_client - INFO - 📡 Subscribed to: nugateway/D83ADDE4A3E0/command/upload
2025-11-15 11:17:49 - mqtt_client - WARNING - ⚠️ Unexpected MQTT disconnection (code: 7), will auto-reconnect
2025-11-15 11:17:51 - mqtt_client - WARNING - ⚠️ Unexpected MQTT disconnection (code: 7), will auto-reconnect
2025-11-15 11:17:51 - mqtt_client - INFO - ✅ Connected to MQTT broker: broker.nuteknoloji.com:1883
2025-11-15 11:17:51 - mqtt_client - INFO - 📡 Subscribed to: nugateway/D83ADDE4A3E0/command/relay
2025-11-15 11:17:51 - mqtt_client - INFO - 📡 Subscribed to: nugateway/D83ADDE4A3E0/command/upload
2025-11-15 11:17:52 - mqtt_client - INFO - ✅ Connected to MQTT broker: broker.nuteknoloji.com:1883
2025-11-15 11:17:52 - mqtt_client - WARNING - ⚠️ Unexpected MQTT disconnection (code: 7), will auto-reconnect
2025-11-15 11:17:52 - mqtt_client - INFO - 📡 Subscribed to: nugateway/D83ADDE4A3E0/command/relay
2025-11-15 11:17:52 - mqtt_client - INFO - 📡 Subscribed to: nugateway/D83ADDE4A3E0/command/upload
2025-11-15 11:17:53 - mqtt_client - WARNING - ⚠️ Unexpected MQTT disconnection (code: 7), will auto-reconnect
2025-11-15 11:17:53 - mqtt_client - INFO - ✅ Connected to MQTT broker: broker.nuteknoloji.com:1883
2025-11-15 11:17:53 - mqtt_client - INFO - 📡 Subscribed to: nugateway/D83ADDE4A3E0/command/relay
2025-11-15 11:17:53 - mqtt_client - INFO - 📡 Subscribed to: nugateway/D83ADDE4A3E0/command/upload
2025-11-15 11:17:54 - mqtt_client - INFO - ✅ Connected to MQTT broker: broker.nuteknoloji.com:1883
2025-11-15 11:17:54 - mqtt_client - INFO - 📡 Subscribed to: nugateway/D83ADDE4A3E0/command/relay
2025-11-15 11:17:54 - mqtt_client - WARNING - ⚠️ Unexpected MQTT disconnection (code: 7), will auto-reconnect
2025-11-15 11:17:54 - mqtt_client - INFO - 📡 Subscribed to: nugateway/D83ADDE4A3E0/command/upload
2025-11-15 11:17:55 - mqtt_client - INFO - ✅ Connected to MQTT broker: broker.nuteknoloji.com:1883
2025-11-15 11:17:55 - mqtt_client - INFO - 📡 Subscribed to: nugateway/D83ADDE4A3E0/command/relay
2025-11-15 11:17:55 - mqtt_client - INFO - 📡 Subscribed to: nugateway/D83ADDE4A3E0/command/upload
2025-11-15 11:17:55 - mqtt_client - WARNING - ⚠️ Unexpected MQTT disconnection (code: 7), will auto-reconnect
2025-11-15 11:17:56 - mqtt_client - WARNING - ⚠️ Unexpected MQTT disconnection (code: 7), will auto-reconnect
2025-11-15 11:17:56 - mqtt_client - INFO - ✅ Connected to MQTT broker: broker.nuteknoloji.com:1883
2025-11-15 11:17:56 - mqtt_client - INFO - 📡 Subscribed to: nugateway/D83ADDE4A3E0/command/relay
2025-11-15 11:17:56 - mqtt_client - INFO - 📡 Subscribed to: nugateway/D83ADDE4A3E0/command/upload
2025-11-15 11:17:58 - mqtt_client - INFO - ✅ Connected to MQTT broker: broker.nuteknoloji.com:1883
2025-11-15 11:17:58 - mqtt_client - WARNING - ⚠️ Unexpected MQTT disconnection (code: 7), will auto-reconnect
2025-11-15 11:17:58 - mqtt_client - INFO - 📡 Subscribed to: nugateway/D83ADDE4A3E0/command/relay
2025-11-15 11:17:58 - mqtt_client - INFO - 📡 Subscribed to: nugateway/D83ADDE4A3E0/command/upload
2025-11-15 11:17:59 - mqtt_client - INFO - ✅ Connected to MQTT broker: broker.nuteknoloji.com:1883
2025-11-15 11:17:59 - mqtt_client - WARNING - ⚠️ Unexpected MQTT disconnection (code: 7), will auto-reconnect
2025-11-15 11:17:59 - mqtt_client - INFO - 📡 Subscribed to: nugateway/D83ADDE4A3E0/command/relay
2025-11-15 11:17:59 - mqtt_client - INFO - 📡 Subscribed to: nugateway/D83ADDE4A3E0/command/upload
2025-11-15 11:18:00 - mqtt_client - WARNING - ⚠️ Unexpected MQTT disconnection (code: 7), will auto-reconnect
2025-11-15 11:18:00 - mqtt_client - INFO - ✅ Connected to MQTT broker: broker.nuteknoloji.com:1883
2025-11-15 11:18:00 - mqtt_client - INFO - 📡 Subscribed to: nugateway/D83ADDE4A3E0/command/relay
2025-11-15 11:18:00 - mqtt_client - INFO - 📡 Subscribed to: nugateway/D83ADDE4A3E0/command/upload
2025-11-15 11:18:01 - mqtt_client - WARNING - ⚠️ Unexpected MQTT disconnection (code: 7), will auto-reconnect
2025-11-15 11:18:01 - mqtt_client - INFO - ✅ Connected to MQTT broker: broker.nuteknoloji.com:1883
2025-11-15 11:18:01 - mqtt_client - INFO - 📡 Subscribed to: nugateway/D83ADDE4A3E0/command/relay
2025-11-15 11:18:01 - mqtt_client - INFO - 📡 Subscribed to: nugateway/D83ADDE4A3E0/command/upload
2025-11-15 11:18:02 - mqtt_client - INFO - ✅ Connected to MQTT broker: broker.nuteknoloji.com:1883
2025-11-15 11:18:02 - mqtt_client - INFO - 📡 Subscribed to: nugateway/D83ADDE4A3E0/command/relay
2025-11-15 11:18:02 - mqtt_client - INFO - 📡 Subscribed to: nugateway/D83ADDE4A3E0/command/upload
2025-11-15 11:18:02 - mqtt_client - WARNING - ⚠️ Unexpected MQTT disconnection (code: 7), will auto-reconnect
2025-11-15 11:18:04 - mqtt_client - WARNING - ⚠️ Unexpected MQTT disconnection (code: 7), will auto-reconnect
2025-11-15 11:18:04 - mqtt_client - INFO - ✅ Connected to MQTT broker: broker.nuteknoloji.com:1883
2025-11-15 11:18:04 - mqtt_client - INFO - 📡 Subscribed to: nugateway/D83ADDE4A3E0/command/relay
2025-11-15 11:18:04 - mqtt_client - INFO - 📡 Subscribed to: nugateway/D83ADDE4A3E0/command/upload
2025-11-15 11:18:05 - mqtt_client - INFO - ✅ Connected to MQTT broker: broker.nuteknoloji.com:1883
2025-11-15 11:18:05 - mqtt_client - WARNING - ⚠️ Unexpected MQTT disconnection (code: 7), will auto-reconnect
2025-11-15 11:18:05 - mqtt_client - INFO - 📡 Subscribed to: nugateway/D83ADDE4A3E0/command/relay
2025-11-15 11:18:05 - mqtt_client - INFO - 📡 Subscribed to: nugateway/D83ADDE4A3E0/command/upload
2025-11-15 11:18:06 - mqtt_client - INFO - ✅ Connected to MQTT broker: broker.nuteknoloji.com:1883
2025-11-15 11:18:06 - mqtt_client - INFO - 📡 Subscribed to: nugateway/D83ADDE4A3E0/command/relay
2025-11-15 11:18:06 - mqtt_client - INFO - 📡 Subscribed to: nugateway/D83ADDE4A3E0/command/upload
2025-11-15 11:18:06 - mqtt_client - WARNING - ⚠️ Unexpected MQTT disconnection (code: 7), will auto-reconnect
2025-11-15 11:18:07 - mqtt_client - WARNING - ⚠️ Unexpected MQTT disconnection (code: 7), will auto-reconnect
2025-11-15 11:18:07 - mqtt_client - INFO - ✅ Connected to MQTT broker: broker.nuteknoloji.com:1883
2025-11-15 11:18:07 - mqtt_client - INFO - 📡 Subscribed to: nugateway/D83ADDE4A3E0/command/relay
2025-11-15 11:18:07 - mqtt_client - INFO - 📡 Subscribed to: nugateway/D83ADDE4A3E0/command/upload
2025-11-15 11:18:08 - mqtt_client - INFO - ✅ Connected to MQTT broker: broker.nuteknoloji.com:1883
2025-11-15 11:18:08 - mqtt_client - WARNING - ⚠️ Unexpected MQTT disconnection (code: 7), will auto-reconnect
2025-11-15 11:18:08 - mqtt_client - INFO - 📡 Subscribed to: nugateway/D83ADDE4A3E0/command/relay
2025-11-15 11:18:08 - mqtt_client - INFO - 📡 Subscribed to: nugateway/D83ADDE4A3E0/command/upload
2025-11-15 11:18:09 - mqtt_client - WARNING - ⚠️ Unexpected MQTT disconnection (code: 7), will auto-reconnect
2025-11-15 11:18:09 - mqtt_client - INFO - ✅ Connected to MQTT broker: broker.nuteknoloji.com:1883
2025-11-15 11:18:09 - mqtt_client - INFO - 📡 Subscribed to: nugateway/D83ADDE4A3E0/command/relay
2025-11-15 11:18:09 - mqtt_client - INFO - 📡 Subscribed to: nugateway/D83ADDE4A3E0/command/upload
2025-11-15 11:18:11 - mqtt_client - WARNING - ⚠️ Unexpected MQTT disconnection (code: 7), will auto-reconnect
2025-11-15 11:18:11 - mqtt_client - INFO - ✅ Connected to MQTT broker: broker.nuteknoloji.com:1883
2025-11-15 11:18:11 - mqtt_client - INFO - 📡 Subscribed to: nugateway/D83ADDE4A3E0/command/relay
2025-11-15 11:18:11 - mqtt_client - INFO - 📡 Subscribed to: nugateway/D83ADDE4A3E0/command/upload
2025-11-15 11:18:12 - mqtt_client - WARNING - ⚠️ Unexpected MQTT disconnection (code: 7), will auto-reconnect
2025-11-15 11:18:12 - mqtt_client - INFO - ✅ Connected to MQTT broker: broker.nuteknoloji.com:1883
2025-11-15 11:18:12 - mqtt_client - INFO - 📡 Subscribed to: nugateway/D83ADDE4A3E0/command/relay
2025-11-15 11:18:12 - mqtt_client - INFO - 📡 Subscribed to: nugateway/D83ADDE4A3E0/command/upload
2025-11-15 11:18:13 - mqtt_client - INFO - ✅ Connected to MQTT broker: broker.nuteknoloji.com:1883
2025-11-15 11:18:13 - mqtt_client - WARNING - ⚠️ Unexpected MQTT disconnection (code: 7), will auto-reconnect
2025-11-15 11:18:13 - mqtt_client - INFO - 📡 Subscribed to: nugateway/D83ADDE4A3E0/command/relay
2025-11-15 11:18:13 - mqtt_client - INFO - 📡 Subscribed to: nugateway/D83ADDE4A3E0/command/upload
2025-11-15 11:18:14 - mqtt_client - WARNING - ⚠️ Unexpected MQTT disconnection (code: 7), will auto-reconnect
2025-11-15 11:18:14 - mqtt_client - INFO - ✅ Connected to MQTT broker: broker.nuteknoloji.com:1883
2025-11-15 11:18:14 - mqtt_client - INFO - 📡 Subscribed to: nugateway/D83ADDE4A3E0/command/relay
2025-11-15 11:18:14 - mqtt_client - INFO - 📡 Subscribed to: nugateway/D83ADDE4A3E0/command/upload
2025-11-15 11:18:15 - mqtt_client - INFO - ✅ Connected to MQTT broker: broker.nuteknoloji.com:1883
2025-11-15 11:18:15 - mqtt_client - WARNING - ⚠️ Unexpected MQTT disconnection (code: 7), will auto-reconnect
2025-11-15 11:18:15 - mqtt_client - INFO - 📡 Subscribed to: nugateway/D83ADDE4A3E0/command/relay
2025-11-15 11:18:15 - mqtt_client - INFO - 📡 Subscribed to: nugateway/D83ADDE4A3E0/command/upload
2025-11-15 11:18:17 - mqtt_client - INFO - ✅ Connected to MQTT broker: broker.nuteknoloji.com:1883
2025-11-15 11:18:17 - mqtt_client - INFO - 📡 Subscribed to: nugateway/D83ADDE4A3E0/command/relay
2025-11-15 11:18:17 - mqtt_client - INFO - 📡 Subscribed to: nugateway/D83ADDE4A3E0/command/upload
2025-11-15 11:18:17 - mqtt_client - WARNING - ⚠️ Unexpected MQTT disconnection (code: 7), will auto-reconnect
2025-11-15 11:18:18 - mqtt_client - INFO - ✅ Connected to MQTT broker: broker.nuteknoloji.com:1883
2025-11-15 11:18:18 - mqtt_client - WARNING - ⚠️ Unexpected MQTT disconnection (code: 7), will auto-reconnect
2025-11-15 11:18:18 - mqtt_client - INFO - 📡 Subscribed to: nugateway/D83ADDE4A3E0/command/relay
2025-11-15 11:18:18 - mqtt_client - INFO - 📡 Subscribed to: nugateway/D83ADDE4A3E0/command/upload
2025-11-15 11:18:19 - mqtt_client - WARNING - ⚠️ Unexpected MQTT disconnection (code: 7), will auto-reconnect
2025-11-15 11:18:19 - mqtt_client - INFO - ✅ Connected to MQTT broker: broker.nuteknoloji.com:1883
2025-11-15 11:18:19 - mqtt_client - INFO - 📡 Subscribed to: nugateway/D83ADDE4A3E0/command/relay
2025-11-15 11:18:19 - mqtt_client - INFO - 📡 Subscribed to: nugateway/D83ADDE4A3E0/command/upload
2025-11-15 11:18:20 - mqtt_client - INFO - ✅ Connected to MQTT broker: broker.nuteknoloji.com:1883
2025-11-15 11:18:20 - mqtt_client - WARNING - ⚠️ Unexpected MQTT disconnection (code: 7), will auto-reconnect
2025-11-15 11:18:20 - mqtt_client - INFO - 📡 Subscribed to: nugateway/D83ADDE4A3E0/command/relay
2025-11-15 11:18:20 - mqtt_client - INFO - 📡 Subscribed to: nugateway/D83ADDE4A3E0/command/upload
2025-11-15 11:18:21 - mqtt_client - WARNING - ⚠️ Unexpected MQTT disconnection (code: 7), will auto-reconnect
2025-11-15 11:18:21 - mqtt_client - INFO - ✅ Connected to MQTT broker: broker.nuteknoloji.com:1883
2025-11-15 11:18:21 - mqtt_client - INFO - 📡 Subscribed to: nugateway/D83ADDE4A3E0/command/relay
2025-11-15 11:18:21 - mqtt_client - INFO - 📡 Subscribed to: nugateway/D83ADDE4A3E0/command/upload
2025-11-15 11:18:22 - mqtt_client - WARNING - ⚠️ Unexpected MQTT disconnection (code: 7), will auto-reconnect
2025-11-15 11:18:23 - mqtt_client - INFO - ✅ Connected to MQTT broker: broker.nuteknoloji.com:1883
2025-11-15 11:18:23 - mqtt_client - INFO - 📡 Subscribed to: nugateway/D83ADDE4A3E0/command/relay
2025-11-15 11:18:23 - mqtt_client - INFO - 📡 Subscribed to: nugateway/D83ADDE4A3E0/command/upload
2025-11-15 11:18:24 - mqtt_client - INFO - ✅ Connected to MQTT broker: broker.nuteknoloji.com:1883
2025-11-15 11:18:24 - mqtt_client - INFO - 📡 Subscribed to: nugateway/D83ADDE4A3E0/command/relay
2025-11-15 11:18:24 - mqtt_client - INFO - 📡 Subscribed to: nugateway/D83ADDE4A3E0/command/upload
2025-11-15 11:18:24 - mqtt_client - WARNING - ⚠️ Unexpected MQTT disconnection (code: 7), will auto-reconnect
2025-11-15 11:18:25 - mqtt_client - INFO - ✅ Connected to MQTT broker: broker.nuteknoloji.com:1883
2025-11-15 11:18:25 - mqtt_client - WARNING - ⚠️ Unexpected MQTT disconnection (code: 7), will auto-reconnect
2025-11-15 11:18:25 - mqtt_client - INFO - 📡 Subscribed to: nugateway/D83ADDE4A3E0/command/relay
2025-11-15 11:18:25 - mqtt_client - INFO - 📡 Subscribed to: nugateway/D83ADDE4A3E0/command/upload
2025-11-15 11:18:26 - mqtt_client - WARNING - ⚠️ Unexpected MQTT disconnection (code: 7), will auto-reconnect
2025-11-15 11:18:26 - mqtt_client - INFO - ✅ Connected to MQTT broker: broker.nuteknoloji.com:1883
2025-11-15 11:18:26 - mqtt_client - INFO - 📡 Subscribed to: nugateway/D83ADDE4A3E0/command/relay
2025-11-15 11:18:26 - mqtt_client - INFO - 📡 Subscribed to: nugateway/D83ADDE4A3E0/command/upload
2025-11-15 11:18:27 - mqtt_client - INFO - ✅ Connected to MQTT broker: broker.nuteknoloji.com:1883
2025-11-15 11:18:27 - mqtt_client - INFO - 📡 Subscribed to: nugateway/D83ADDE4A3E0/command/relay
2025-11-15 11:18:27 - mqtt_client - INFO - 📡 Subscribed to: nugateway/D83ADDE4A3E0/command/upload
2025-11-15 11:18:27 - mqtt_client - WARNING - ⚠️ Unexpected MQTT disconnection (code: 7), will auto-reconnect
2025-11-15 11:18:28 - mqtt_client - WARNING - ⚠️ Unexpected MQTT disconnection (code: 7), will auto-reconnect
2025-11-15 11:18:28 - mqtt_client - INFO - ✅ Connected to MQTT broker: broker.nuteknoloji.com:1883
2025-11-15 11:18:28 - mqtt_client - INFO - 📡 Subscribed to: nugateway/D83ADDE4A3E0/command/relay
2025-11-15 11:18:28 - mqtt_client - INFO - 📡 Subscribed to: nugateway/D83ADDE4A3E0/command/upload
2025-11-15 11:18:30 - mqtt_client - WARNING - ⚠️ Unexpected MQTT disconnection (code: 7), will auto-reconnect
2025-11-15 11:18:30 - mqtt_client - INFO - ✅ Connected to MQTT broker: broker.nuteknoloji.com:1883
2025-11-15 11:18:30 - mqtt_client - INFO - 📡 Subscribed to: nugateway/D83ADDE4A3E0/command/relay
2025-11-15 11:18:30 - mqtt_client - INFO - 📡 Subscribed to: nugateway/D83ADDE4A3E0/command/upload
2025-11-15 11:18:31 - mqtt_client - INFO - ✅ Connected to MQTT broker: broker.nuteknoloji.com:1883
2025-11-15 11:18:31 - mqtt_client - WARNING - ⚠️ Unexpected MQTT disconnection (code: 7), will auto-reconnect
2025-11-15 11:18:31 - mqtt_client - INFO - 📡 Subscribed to: nugateway/D83ADDE4A3E0/command/relay
2025-11-15 11:18:31 - mqtt_client - INFO - 📡 Subscribed to: nugateway/D83ADDE4A3E0/command/upload
2025-11-15 11:18:32 - mqtt_client - INFO - ✅ Connected to MQTT broker: broker.nuteknoloji.com:1883
2025-11-15 11:18:32 - mqtt_client - INFO - 📡 Subscribed to: nugateway/D83ADDE4A3E0/command/relay
2025-11-15 11:18:32 - mqtt_client - INFO - 📡 Subscribed to: nugateway/D83ADDE4A3E0/command/upload
2025-11-15 11:18:32 - mqtt_client - WARNING - ⚠️ Unexpected MQTT disconnection (code: 7), will auto-reconnect
2025-11-15 11:18:33 - mqtt_client - WARNING - ⚠️ Unexpected MQTT disconnection (code: 7), will auto-reconnect
2025-11-15 11:18:33 - mqtt_client - INFO - ✅ Connected to MQTT broker: broker.nuteknoloji.com:1883
2025-11-15 11:18:33 - mqtt_client - INFO - 📡 Subscribed to: nugateway/D83ADDE4A3E0/command/relay
2025-11-15 11:18:33 - mqtt_client - INFO - 📡 Subscribed to: nugateway/D83ADDE4A3E0/command/upload
2025-11-15 11:18:34 - mqtt_client - INFO - ✅ Connected to MQTT broker: broker.nuteknoloji.com:1883
2025-11-15 11:18:34 - mqtt_client - INFO - 📡 Subscribed to: nugateway/D83ADDE4A3E0/command/relay
2025-11-15 11:18:34 - mqtt_client - INFO - 📡 Subscribed to: nugateway/D83ADDE4A3E0/command/upload
2025-11-15 11:18:34 - mqtt_client - WARNING - ⚠️ Unexpected MQTT disconnection (code: 7), will auto-reconnect
2025-11-15 11:18:36 - mqtt_client - WARNING - ⚠️ Unexpected MQTT disconnection (code: 7), will auto-reconnect
2025-11-15 11:18:36 - mqtt_client - INFO - ✅ Connected to MQTT broker: broker.nuteknoloji.com:1883
2025-11-15 11:18:36 - mqtt_client - INFO - 📡 Subscribed to: nugateway/D83ADDE4A3E0/command/relay
2025-11-15 11:18:36 - mqtt_client - INFO - 📡 Subscribed to: nugateway/D83ADDE4A3E0/command/upload
2025-11-15 11:18:37 - mqtt_client - INFO - ✅ Connected to MQTT broker: broker.nuteknoloji.com:1883
2025-11-15 11:18:37 - mqtt_client - WARNING - ⚠️ Unexpected MQTT disconnection (code: 7), will auto-reconnect
2025-11-15 11:18:37 - mqtt_client - INFO - 📡 Subscribed to: nugateway/D83ADDE4A3E0/command/relay
2025-11-15 11:18:37 - mqtt_client - INFO - 📡 Subscribed to: nugateway/D83ADDE4A3E0/command/upload
2025-11-15 11:18:38 - mqtt_client - INFO - ✅ Connected to MQTT broker: broker.nuteknoloji.com:1883
2025-11-15 11:18:38 - mqtt_client - WARNING - ⚠️ Unexpected MQTT disconnection (code: 7), will auto-reconnect
2025-11-15 11:18:38 - mqtt_client - INFO - 📡 Subscribed to: nugateway/D83ADDE4A3E0/command/relay
2025-11-15 11:18:38 - mqtt_client - INFO - 📡 Subscribed to: nugateway/D83ADDE4A3E0/command/upload
2025-11-15 11:18:39 - mqtt_client - WARNING - ⚠️ Unexpected MQTT disconnection (code: 7), will auto-reconnect
2025-11-15 11:18:39 - mqtt_client - INFO - ✅ Connected to MQTT broker: broker.nuteknoloji.com:1883
2025-11-15 11:18:39 - mqtt_client - INFO - 📡 Subscribed to: nugateway/D83ADDE4A3E0/command/relay
2025-11-15 11:18:39 - mqtt_client - INFO - 📡 Subscribed to: nugateway/D83ADDE4A3E0/command/upload
2025-11-15 11:18:40 - mqtt_client - WARNING - ⚠️ Unexpected MQTT disconnection (code: 7), will auto-reconnect
2025-11-15 11:18:40 - mqtt_client - INFO - ✅ Connected to MQTT broker: broker.nuteknoloji.com:1883
2025-11-15 11:18:40 - mqtt_client - INFO - 📡 Subscribed to: nugateway/D83ADDE4A3E0/command/relay
2025-11-15 11:18:40 - mqtt_client - INFO - 📡 Subscribed to: nugateway/D83ADDE4A3E0/command/upload
2025-11-15 11:18:41 - mqtt_client - INFO - ✅ Connected to MQTT broker: broker.nuteknoloji.com:1883
2025-11-15 11:18:41 - mqtt_client - WARNING - ⚠️ Unexpected MQTT disconnection (code: 7), will auto-reconnect
2025-11-15 11:18:41 - mqtt_client - INFO - 📡 Subscribed to: nugateway/D83ADDE4A3E0/command/relay
2025-11-15 11:18:41 - mqtt_client - INFO - 📡 Subscribed to: nugateway/D83ADDE4A3E0/command/upload
2025-11-15 11:18:43 - mqtt_client - WARNING - ⚠️ Unexpected MQTT disconnection (code: 7), will auto-reconnect
2025-11-15 11:18:43 - mqtt_client - INFO - ✅ Connected to MQTT broker: broker.nuteknoloji.com:1883
2025-11-15 11:18:43 - mqtt_client - INFO - 📡 Subscribed to: nugateway/D83ADDE4A3E0/command/relay
2025-11-15 11:18:43 - mqtt_client - INFO - 📡 Subscribed to: nugateway/D83ADDE4A3E0/command/upload
2025-11-15 11:18:44 - mqtt_client - INFO - ✅ Connected to MQTT broker: broker.nuteknoloji.com:1883
2025-11-15 11:18:44 - mqtt_client - WARNING - ⚠️ Unexpected MQTT disconnection (code: 7), will auto-reconnect
2025-11-15 11:18:44 - mqtt_client - INFO - 📡 Subscribed to: nugateway/D83ADDE4A3E0/command/relay
2025-11-15 11:18:44 - mqtt_client - INFO - 📡 Subscribed to: nugateway/D83ADDE4A3E0/command/upload
2025-11-15 11:18:45 - mqtt_client - WARNING - ⚠️ Unexpected MQTT disconnection (code: 7), will auto-reconnect
2025-11-15 11:18:45 - mqtt_client - INFO - ✅ Connected to MQTT broker: broker.nuteknoloji.com:1883
2025-11-15 11:18:45 - mqtt_client - INFO - 📡 Subscribed to: nugateway/D83ADDE4A3E0/command/relay
2025-11-15 11:18:45 - mqtt_client - INFO - 📡 Subscribed to: nugateway/D83ADDE4A3E0/command/upload
2025-11-15 11:18:46 - mqtt_client - INFO - ✅ Connected to MQTT broker: broker.nuteknoloji.com:1883
2025-11-15 11:18:46 - mqtt_client - INFO - 📡 Subscribed to: nugateway/D83ADDE4A3E0/command/relay
2025-11-15 11:18:46 - mqtt_client - INFO - 📡 Subscribed to: nugateway/D83ADDE4A3E0/command/upload
2025-11-15 11:18:46 - mqtt_client - WARNING - ⚠️ Unexpected MQTT disconnection (code: 7), will auto-reconnect
2025-11-15 11:18:47 - mqtt_client - WARNING - ⚠️ Unexpected MQTT disconnection (code: 7), will auto-reconnect
2025-11-15 11:18:47 - mqtt_client - INFO - ✅ Connected to MQTT broker: broker.nuteknoloji.com:1883
2025-11-15 11:18:47 - mqtt_client - INFO - 📡 Subscribed to: nugateway/D83ADDE4A3E0/command/relay
2025-11-15 11:18:47 - mqtt_client - INFO - 📡 Subscribed to: nugateway/D83ADDE4A3E0/command/upload
2025-11-15 11:18:48 - mqtt_client - WARNING - ⚠️ Unexpected MQTT disconnection (code: 7), will auto-reconnect
2025-11-15 11:18:48 - mqtt_client - INFO - ✅ Connected to MQTT broker: broker.nuteknoloji.com:1883
2025-11-15 11:18:48 - mqtt_client - INFO - 📡 Subscribed to: nugateway/D83ADDE4A3E0/command/relay
2025-11-15 11:18:49 - mqtt_client - INFO - 📡 Subscribed to: nugateway/D83ADDE4A3E0/command/upload
2025-11-15 11:18:50 - mqtt_client - WARNING - ⚠️ Unexpected MQTT disconnection (code: 7), will auto-reconnect
2025-11-15 11:18:50 - mqtt_client - INFO - ✅ Connected to MQTT broker: broker.nuteknoloji.com:1883
2025-11-15 11:18:50 - mqtt_client - INFO - 📡 Subscribed to: nugateway/D83ADDE4A3E0/command/relay
2025-11-15 11:18:50 - mqtt_client - INFO - 📡 Subscribed to: nugateway/D83ADDE4A3E0/command/upload
2025-11-15 11:18:51 - mqtt_client - WARNING - ⚠️ Unexpected MQTT disconnection (code: 7), will auto-reconnect
2025-11-15 11:18:51 - mqtt_client - INFO - ✅ Connected to MQTT broker: broker.nuteknoloji.com:1883
2025-11-15 11:18:51 - mqtt_client - INFO - 📡 Subscribed to: nugateway/D83ADDE4A3E0/command/relay
2025-11-15 11:18:51 - mqtt_client - INFO - 📡 Subscribed to: nugateway/D83ADDE4A3E0/command/upload
2025-11-15 11:18:52 - mqtt_client - WARNING - ⚠️ Unexpected MQTT disconnection (code: 7), will auto-reconnect
2025-11-15 11:18:52 - mqtt_client - INFO - ✅ Connected to MQTT broker: broker.nuteknoloji.com:1883
2025-11-15 11:18:52 - mqtt_client - INFO - 📡 Subscribed to: nugateway/D83ADDE4A3E0/command/relay
2025-11-15 11:18:52 - mqtt_client - INFO - 📡 Subscribed to: nugateway/D83ADDE4A3E0/command/upload
2025-11-15 11:18:53 - mqtt_client - WARNING - ⚠️ Unexpected MQTT disconnection (code: 7), will auto-reconnect
2025-11-15 11:18:53 - mqtt_client - INFO - ✅ Connected to MQTT broker: broker.nuteknoloji.com:1883
2025-11-15 11:18:53 - mqtt_client - INFO - 📡 Subscribed to: nugateway/D83ADDE4A3E0/command/relay
2025-11-15 11:18:53 - mqtt_client - INFO - 📡 Subscribed to: nugateway/D83ADDE4A3E0/command/upload
2025-11-15 11:18:54 - mqtt_client - INFO - ✅ Connected to MQTT broker: broker.nuteknoloji.com:1883
2025-11-15 11:18:54 - mqtt_client - WARNING - ⚠️ Unexpected MQTT disconnection (code: 7), will auto-reconnect
2025-11-15 11:18:54 - mqtt_client - INFO - 📡 Subscribed to: nugateway/D83ADDE4A3E0/command/relay
2025-11-15 11:18:54 - mqtt_client - INFO - 📡 Subscribed to: nugateway/D83ADDE4A3E0/command/upload
2025-11-15 11:18:56 - mqtt_client - INFO - ✅ Connected to MQTT broker: broker.nuteknoloji.com:1883
2025-11-15 11:18:56 - mqtt_client - INFO - 📡 Subscribed to: nugateway/D83ADDE4A3E0/command/relay
2025-11-15 11:18:56 - mqtt_client - INFO - 📡 Subscribed to: nugateway/D83ADDE4A3E0/command/upload
2025-11-15 11:18:56 - mqtt_client - WARNING - ⚠️ Unexpected MQTT disconnection (code: 7), will auto-reconnect
2025-11-15 11:18:57 - mqtt_client - WARNING - ⚠️ Unexpected MQTT disconnection (code: 7), will auto-reconnect
2025-11-15 11:18:57 - mqtt_client - INFO - ✅ Connected to MQTT broker: broker.nuteknoloji.com:1883
2025-11-15 11:18:57 - mqtt_client - INFO - 📡 Subscribed to: nugateway/D83ADDE4A3E0/command/relay
2025-11-15 11:18:57 - mqtt_client - INFO - 📡 Subscribed to: nugateway/D83ADDE4A3E0/command/upload
2025-11-15 11:18:58 - mqtt_client - INFO - ✅ Connected to MQTT broker: broker.nuteknoloji.com:1883
2025-11-15 11:18:58 - mqtt_client - WARNING - ⚠️ Unexpected MQTT disconnection (code: 7), will auto-reconnect
2025-11-15 11:18:58 - mqtt_client - INFO - 📡 Subscribed to: nugateway/D83ADDE4A3E0/command/relay
2025-11-15 11:18:58 - mqtt_client - INFO - 📡 Subscribed to: nugateway/D83ADDE4A3E0/command/upload
2025-11-15 11:18:59 - mqtt_client - INFO - ✅ Connected to MQTT broker: broker.nuteknoloji.com:1883
2025-11-15 11:18:59 - mqtt_client - WARNING - ⚠️ Unexpected MQTT disconnection (code: 7), will auto-reconnect
2025-11-15 11:18:59 - mqtt_client - INFO - 📡 Subscribed to: nugateway/D83ADDE4A3E0/command/relay
2025-11-15 11:18:59 - mqtt_client - INFO - 📡 Subscribed to: nugateway/D83ADDE4A3E0/command/upload
2025-11-15 11:19:00 - mqtt_client - INFO - ✅ Connected to MQTT broker: broker.nuteknoloji.com:1883
2025-11-15 11:19:00 - mqtt_client - WARNING - ⚠️ Unexpected MQTT disconnection (code: 7), will auto-reconnect
2025-11-15 11:19:00 - mqtt_client - INFO - 📡 Subscribed to: nugateway/D83ADDE4A3E0/command/relay
2025-11-15 11:19:00 - mqtt_client - INFO - 📡 Subscribed to: nugateway/D83ADDE4A3E0/command/upload
2025-11-15 11:19:01 - mqtt_client - INFO - ✅ Connected to MQTT broker: broker.nuteknoloji.com:1883
2025-11-15 11:19:01 - mqtt_client - INFO - 📡 Subscribed to: nugateway/D83ADDE4A3E0/command/relay
2025-11-15 11:19:01 - mqtt_client - INFO - 📡 Subscribed to: nugateway/D83ADDE4A3E0/command/upload
2025-11-15 11:19:02 - mqtt_client - WARNING - ⚠️ Unexpected MQTT disconnection (code: 7), will auto-reconnect
2025-11-15 11:19:03 - mqtt_client - INFO - ✅ Connected to MQTT broker: broker.nuteknoloji.com:1883
2025-11-15 11:19:03 - mqtt_client - WARNING - ⚠️ Unexpected MQTT disconnection (code: 7), will auto-reconnect
2025-11-15 11:19:03 - mqtt_client - INFO - 📡 Subscribed to: nugateway/D83ADDE4A3E0/command/relay
2025-11-15 11:19:03 - mqtt_client - INFO - 📡 Subscribed to: nugateway/D83ADDE4A3E0/command/upload
2025-11-15 11:19:04 - mqtt_client - INFO - ✅ Connected to MQTT broker: broker.nuteknoloji.com:1883
2025-11-15 11:19:04 - mqtt_client - WARNING - ⚠️ Unexpected MQTT disconnection (code: 7), will auto-reconnect
2025-11-15 11:19:04 - mqtt_client - INFO - 📡 Subscribed to: nugateway/D83ADDE4A3E0/command/relay
2025-11-15 11:19:04 - mqtt_client - INFO - 📡 Subscribed to: nugateway/D83ADDE4A3E0/command/upload
2025-11-15 11:19:05 - mqtt_client - WARNING - ⚠️ Unexpected MQTT disconnection (code: 7), will auto-reconnect
2025-11-15 11:19:05 - mqtt_client - INFO - ✅ Connected to MQTT broker: broker.nuteknoloji.com:1883
2025-11-15 11:19:05 - mqtt_client - INFO - 📡 Subscribed to: nugateway/D83ADDE4A3E0/command/relay
2025-11-15 11:19:05 - mqtt_client - INFO - 📡 Subscribed to: nugateway/D83ADDE4A3E0/command/upload
2025-11-15 11:19:06 - mqtt_client - WARNING - ⚠️ Unexpected MQTT disconnection (code: 7), will auto-reconnect
2025-11-15 11:19:06 - mqtt_client - INFO - ✅ Connected to MQTT broker: broker.nuteknoloji.com:1883
2025-11-15 11:19:06 - mqtt_client - INFO - 📡 Subscribed to: nugateway/D83ADDE4A3E0/command/relay
2025-11-15 11:19:06 - mqtt_client - INFO - 📡 Subscribed to: nugateway/D83ADDE4A3E0/command/upload
2025-11-15 11:19:07 - mqtt_client - INFO - ✅ Connected to MQTT broker: broker.nuteknoloji.com:1883
2025-11-15 11:19:07 - mqtt_client - WARNING - ⚠️ Unexpected MQTT disconnection (code: 7), will auto-reconnect
2025-11-15 11:19:07 - mqtt_client - INFO - 📡 Subscribed to: nugateway/D83ADDE4A3E0/command/relay
2025-11-15 11:19:07 - mqtt_client - INFO - 📡 Subscribed to: nugateway/D83ADDE4A3E0/command/upload
2025-11-15 11:19:09 - mqtt_client - WARNING - ⚠️ Unexpected MQTT disconnection (code: 7), will auto-reconnect
2025-11-15 11:19:09 - mqtt_client - INFO - ✅ Connected to MQTT broker: broker.nuteknoloji.com:1883
2025-11-15 11:19:09 - mqtt_client - INFO - 📡 Subscribed to: nugateway/D83ADDE4A3E0/command/relay
2025-11-15 11:19:09 - mqtt_client - INFO - 📡 Subscribed to: nugateway/D83ADDE4A3E0/command/upload
2025-11-15 11:19:10 - mqtt_client - WARNING - ⚠️ Unexpected MQTT disconnection (code: 7), will auto-reconnect
2025-11-15 11:19:10 - mqtt_client - INFO - ✅ Connected to MQTT broker: broker.nuteknoloji.com:1883
2025-11-15 11:19:10 - mqtt_client - INFO - 📡 Subscribed to: nugateway/D83ADDE4A3E0/command/relay
2025-11-15 11:19:10 - mqtt_client - INFO - 📡 Subscribed to: nugateway/D83ADDE4A3E0/command/upload
2025-11-15 11:19:11 - mqtt_client - INFO - ✅ Connected to MQTT broker: broker.nuteknoloji.com:1883
2025-11-15 11:19:11 - mqtt_client - INFO - 📡 Subscribed to: nugateway/D83ADDE4A3E0/command/relay
2025-11-15 11:19:11 - mqtt_client - INFO - 📡 Subscribed to: nugateway/D83ADDE4A3E0/command/upload
2025-11-15 11:19:11 - mqtt_client - WARNING - ⚠️ Unexpected MQTT disconnection (code: 7), will auto-reconnect
2025-11-15 11:19:12 - mqtt_client - WARNING - ⚠️ Unexpected MQTT disconnection (code: 7), will auto-reconnect
2025-11-15 11:19:12 - mqtt_client - INFO - ✅ Connected to MQTT broker: broker.nuteknoloji.com:1883
2025-11-15 11:19:12 - mqtt_client - INFO - 📡 Subscribed to: nugateway/D83ADDE4A3E0/command/relay
2025-11-15 11:19:12 - mqtt_client - INFO - 📡 Subscribed to: nugateway/D83ADDE4A3E0/command/upload
2025-11-15 11:19:13 - mqtt_client - WARNING - ⚠️ Unexpected MQTT disconnection (code: 7), will auto-reconnect
2025-11-15 11:19:13 - mqtt_client - INFO - ✅ Connected to MQTT broker: broker.nuteknoloji.com:1883
2025-11-15 11:19:13 - mqtt_client - INFO - 📡 Subscribed to: nugateway/D83ADDE4A3E0/command/relay
2025-11-15 11:19:13 - mqtt_client - INFO - 📡 Subscribed to: nugateway/D83ADDE4A3E0/command/upload
2025-11-15 11:19:15 - mqtt_client - WARNING - ⚠️ Unexpected MQTT disconnection (code: 7), will auto-reconnect
2025-11-15 11:19:15 - mqtt_client - INFO - ✅ Connected to MQTT broker: broker.nuteknoloji.com:1883
2025-11-15 11:19:15 - mqtt_client - INFO - 📡 Subscribed to: nugateway/D83ADDE4A3E0/command/relay
2025-11-15 11:19:15 - mqtt_client - INFO - 📡 Subscribed to: nugateway/D83ADDE4A3E0/command/upload
2025-11-15 11:19:16 - mqtt_client - INFO - ✅ Connected to MQTT broker: broker.nuteknoloji.com:1883
2025-11-15 11:19:16 - mqtt_client - INFO - 📡 Subscribed to: nugateway/D83ADDE4A3E0/command/relay
2025-11-15 11:19:16 - mqtt_client - WARNING - ⚠️ Unexpected MQTT disconnection (code: 7), will auto-reconnect
2025-11-15 11:19:16 - mqtt_client - INFO - 📡 Subscribed to: nugateway/D83ADDE4A3E0/command/upload
2025-11-15 11:19:17 - mqtt_client - INFO - ✅ Connected to MQTT broker: broker.nuteknoloji.com:1883
2025-11-15 11:19:17 - mqtt_client - WARNING - ⚠️ Unexpected MQTT disconnection (code: 7), will auto-reconnect
2025-11-15 11:19:17 - mqtt_client - INFO - 📡 Subscribed to: nugateway/D83ADDE4A3E0/command/relay
2025-11-15 11:19:17 - mqtt_client - INFO - 📡 Subscribed to: nugateway/D83ADDE4A3E0/command/upload
2025-11-15 11:19:18 - mqtt_client - WARNING - ⚠️ Unexpected MQTT disconnection (code: 7), will auto-reconnect
2025-11-15 11:19:18 - mqtt_client - INFO - ✅ Connected to MQTT broker: broker.nuteknoloji.com:1883
2025-11-15 11:19:18 - mqtt_client - INFO - 📡 Subscribed to: nugateway/D83ADDE4A3E0/command/relay
2025-11-15 11:19:18 - mqtt_client - INFO - 📡 Subscribed to: nugateway/D83ADDE4A3E0/command/upload
2025-11-15 11:19:19 - __main__ - INFO - ============================================================
2025-11-15 11:19:19 - __main__ - INFO - 📡 Reading Modbus devices... [11:19:19]
2025-11-15 11:19:19 - modbus_reader - INFO - ðŸ“Š Reading MPPT...
2025-11-15 11:19:19 - mqtt_client - INFO - ✅ Connected to MQTT broker: broker.nuteknoloji.com:1883
2025-11-15 11:19:19 - mqtt_client - INFO - 📡 Subscribed to: nugateway/D83ADDE4A3E0/command/relay
2025-11-15 11:19:19 - mqtt_client - INFO - 📡 Subscribed to: nugateway/D83ADDE4A3E0/command/upload
2025-11-15 11:19:19 - mqtt_client - WARNING - ⚠️ Unexpected MQTT disconnection (code: 7), will auto-reconnect
2025-11-15 11:19:20 - modbus_reader - WARNING - No response from slave 0A
2025-11-15 11:19:20 - mqtt_client - INFO - ✅ Connected to MQTT broker: broker.nuteknoloji.com:1883
2025-11-15 11:19:20 - mqtt_client - WARNING - ⚠️ Unexpected MQTT disconnection (code: 7), will auto-reconnect
2025-11-15 11:19:20 - mqtt_client - INFO - 📡 Subscribed to: nugateway/D83ADDE4A3E0/command/relay
2025-11-15 11:19:20 - mqtt_client - INFO - 📡 Subscribed to: nugateway/D83ADDE4A3E0/command/upload
2025-11-15 11:19:21 - modbus_reader - WARNING - No response from slave 0A
2025-11-15 11:19:22 - mqtt_client - INFO - ✅ Connected to MQTT broker: broker.nuteknoloji.com:1883
2025-11-15 11:19:22 - mqtt_client - WARNING - ⚠️ Unexpected MQTT disconnection (code: 7), will auto-reconnect
2025-11-15 11:19:22 - mqtt_client - INFO - 📡 Subscribed to: nugateway/D83ADDE4A3E0/command/relay
2025-11-15 11:19:22 - mqtt_client - INFO - 📡 Subscribed to: nugateway/D83ADDE4A3E0/command/upload
2025-11-15 11:19:22 - modbus_reader - WARNING - No response from slave 0A
2025-11-15 11:19:23 - mqtt_client - WARNING - ⚠️ Unexpected MQTT disconnection (code: 7), will auto-reconnect
2025-11-15 11:19:23 - mqtt_client - INFO - ✅ Connected to MQTT broker: broker.nuteknoloji.com:1883
2025-11-15 11:19:23 - mqtt_client - INFO - 📡 Subscribed to: nugateway/D83ADDE4A3E0/command/relay
2025-11-15 11:19:23 - mqtt_client - INFO - 📡 Subscribed to: nugateway/D83ADDE4A3E0/command/upload
2025-11-15 11:19:23 - modbus_reader - WARNING - No response from slave 0A
2025-11-15 11:19:24 - mqtt_client - INFO - ✅ Connected to MQTT broker: broker.nuteknoloji.com:1883
2025-11-15 11:19:24 - mqtt_client - WARNING - ⚠️ Unexpected MQTT disconnection (code: 7), will auto-reconnect
2025-11-15 11:19:24 - mqtt_client - INFO - 📡 Subscribed to: nugateway/D83ADDE4A3E0/command/relay
2025-11-15 11:19:24 - mqtt_client - INFO - 📡 Subscribed to: nugateway/D83ADDE4A3E0/command/upload
2025-11-15 11:19:24 - modbus_reader - WARNING - No response from slave 0A
2025-11-15 11:19:25 - mqtt_client - WARNING - ⚠️ Unexpected MQTT disconnection (code: 7), will auto-reconnect
2025-11-15 11:19:25 - mqtt_client - INFO - ✅ Connected to MQTT broker: broker.nuteknoloji.com:1883
2025-11-15 11:19:25 - mqtt_client - INFO - 📡 Subscribed to: nugateway/D83ADDE4A3E0/command/relay
2025-11-15 11:19:25 - mqtt_client - INFO - 📡 Subscribed to: nugateway/D83ADDE4A3E0/command/upload
2025-11-15 11:19:25 - modbus_reader - WARNING - No response from slave 0A
2025-11-15 11:19:26 - mqtt_client - INFO - ✅ Connected to MQTT broker: broker.nuteknoloji.com:1883
2025-11-15 11:19:26 - mqtt_client - WARNING - ⚠️ Unexpected MQTT disconnection (code: 7), will auto-reconnect
2025-11-15 11:19:26 - mqtt_client - INFO - 📡 Subscribed to: nugateway/D83ADDE4A3E0/command/relay
2025-11-15 11:19:26 - mqtt_client - INFO - 📡 Subscribed to: nugateway/D83ADDE4A3E0/command/upload
2025-11-15 11:19:27 - modbus_reader - WARNING - No response from slave 0A
2025-11-15 11:19:28 - mqtt_client - INFO - ✅ Connected to MQTT broker: broker.nuteknoloji.com:1883
2025-11-15 11:19:28 - mqtt_client - INFO - 📡 Subscribed to: nugateway/D83ADDE4A3E0/command/relay
2025-11-15 11:19:28 - mqtt_client - INFO - 📡 Subscribed to: nugateway/D83ADDE4A3E0/command/upload
2025-11-15 11:19:28 - mqtt_client - WARNING - ⚠️ Unexpected MQTT disconnection (code: 7), will auto-reconnect
2025-11-15 11:19:28 - modbus_reader - WARNING - No response from slave 0A
2025-11-15 11:19:29 - mqtt_client - INFO - ✅ Connected to MQTT broker: broker.nuteknoloji.com:1883
2025-11-15 11:19:29 - mqtt_client - WARNING - ⚠️ Unexpected MQTT disconnection (code: 7), will auto-reconnect
2025-11-15 11:19:29 - mqtt_client - INFO - 📡 Subscribed to: nugateway/D83ADDE4A3E0/command/relay
2025-11-15 11:19:29 - mqtt_client - INFO - 📡 Subscribed to: nugateway/D83ADDE4A3E0/command/upload
2025-11-15 11:19:29 - modbus_reader - WARNING - No response from slave 0A
2025-11-15 11:19:30 - mqtt_client - INFO - ✅ Connected to MQTT broker: broker.nuteknoloji.com:1883
2025-11-15 11:19:30 - mqtt_client - WARNING - ⚠️ Unexpected MQTT disconnection (code: 7), will auto-reconnect
2025-11-15 11:19:30 - mqtt_client - INFO - 📡 Subscribed to: nugateway/D83ADDE4A3E0/command/relay
2025-11-15 11:19:30 - mqtt_client - INFO - 📡 Subscribed to: nugateway/D83ADDE4A3E0/command/upload
2025-11-15 11:19:30 - modbus_reader - WARNING - No response from slave 0A
2025-11-15 11:19:31 - mqtt_client - WARNING - ⚠️ Unexpected MQTT disconnection (code: 7), will auto-reconnect
2025-11-15 11:19:31 - mqtt_client - INFO - ✅ Connected to MQTT broker: broker.nuteknoloji.com:1883
2025-11-15 11:19:31 - mqtt_client - INFO - 📡 Subscribed to: nugateway/D83ADDE4A3E0/command/relay
2025-11-15 11:19:31 - mqtt_client - INFO - 📡 Subscribed to: nugateway/D83ADDE4A3E0/command/upload
2025-11-15 11:19:31 - modbus_reader - WARNING - No response from slave 0A
2025-11-15 11:19:32 - mqtt_client - WARNING - ⚠️ Unexpected MQTT disconnection (code: 7), will auto-reconnect
2025-11-15 11:19:32 - mqtt_client - INFO - ✅ Connected to MQTT broker: broker.nuteknoloji.com:1883
2025-11-15 11:19:32 - mqtt_client - INFO - 📡 Subscribed to: nugateway/D83ADDE4A3E0/command/relay
2025-11-15 11:19:32 - mqtt_client - INFO - 📡 Subscribed to: nugateway/D83ADDE4A3E0/command/upload
2025-11-15 11:19:32 - modbus_reader - WARNING - No response from slave 0A
2025-11-15 11:19:33 - mqtt_client - WARNING - ⚠️ Unexpected MQTT disconnection (code: 7), will auto-reconnect
2025-11-15 11:19:33 - mqtt_client - INFO - ✅ Connected to MQTT broker: broker.nuteknoloji.com:1883
2025-11-15 11:19:33 - mqtt_client - INFO - 📡 Subscribed to: nugateway/D83ADDE4A3E0/command/relay
2025-11-15 11:19:33 - mqtt_client - INFO - 📡 Subscribed to: nugateway/D83ADDE4A3E0/command/upload
2025-11-15 11:19:34 - modbus_reader - WARNING - No response from slave 0A
2025-11-15 11:19:35 - mqtt_client - WARNING - ⚠️ Unexpected MQTT disconnection (code: 7), will auto-reconnect
2025-11-15 11:19:35 - mqtt_client - INFO - ✅ Connected to MQTT broker: broker.nuteknoloji.com:1883
2025-11-15 11:19:35 - mqtt_client - INFO - 📡 Subscribed to: nugateway/D83ADDE4A3E0/command/relay
2025-11-15 11:19:35 - mqtt_client - INFO - 📡 Subscribed to: nugateway/D83ADDE4A3E0/command/upload
2025-11-15 11:19:35 - modbus_reader - WARNING - No response from slave 0A
2025-11-15 11:19:36 - mqtt_client - WARNING - ⚠️ Unexpected MQTT disconnection (code: 7), will auto-reconnect
2025-11-15 11:19:36 - mqtt_client - INFO - ✅ Connected to MQTT broker: broker.nuteknoloji.com:1883
2025-11-15 11:19:36 - mqtt_client - INFO - 📡 Subscribed to: nugateway/D83ADDE4A3E0/command/relay
2025-11-15 11:19:36 - mqtt_client - INFO - 📡 Subscribed to: nugateway/D83ADDE4A3E0/command/upload
2025-11-15 11:19:36 - modbus_reader - WARNING - No response from slave 0A
2025-11-15 11:19:37 - mqtt_client - WARNING - ⚠️ Unexpected MQTT disconnection (code: 7), will auto-reconnect
2025-11-15 11:19:37 - mqtt_client - INFO - ✅ Connected to MQTT broker: broker.nuteknoloji.com:1883
2025-11-15 11:19:37 - mqtt_client - INFO - 📡 Subscribed to: nugateway/D83ADDE4A3E0/command/relay
2025-11-15 11:19:37 - mqtt_client - INFO - 📡 Subscribed to: nugateway/D83ADDE4A3E0/command/upload
2025-11-15 11:19:37 - modbus_reader - WARNING - No response from slave 0A
2025-11-15 11:19:37 - modbus_reader - WARNING -    âš ï¸  MPPT read failed
2025-11-15 11:19:37 - modbus_reader - INFO - ðŸŒ¡ï¸  Reading ENV sensor...
2025-11-15 11:19:38 - mqtt_client - INFO - ✅ Connected to MQTT broker: broker.nuteknoloji.com:1883
2025-11-15 11:19:38 - mqtt_client - WARNING - ⚠️ Unexpected MQTT disconnection (code: 7), will auto-reconnect
2025-11-15 11:19:38 - mqtt_client - INFO - 📡 Subscribed to: nugateway/D83ADDE4A3E0/command/relay
2025-11-15 11:19:38 - mqtt_client - INFO - 📡 Subscribed to: nugateway/D83ADDE4A3E0/command/upload
2025-11-15 11:19:38 - modbus_reader - INFO -    âœ“ Temp: 1.0Â°C, Humidity: 60.0%
2025-11-15 11:19:38 - modbus_reader - INFO -    âœ“ CO2: 1.0 ppm
2025-11-15 11:19:39 - modbus_reader - INFO - ðŸ’¡ Reading LDR...
2025-11-15 11:19:39 - modbus_reader - INFO -    âœ“ Light: 59730 lux (Bright)
2025-11-15 11:19:39 - modbus_reader - INFO - ðŸ”‹ Reading BMS...
2025-11-15 11:19:39 - mqtt_client - WARNING - ⚠️ Unexpected MQTT disconnection (code: 7), will auto-reconnect
2025-11-15 11:19:39 - mqtt_client - INFO - ✅ Connected to MQTT broker: broker.nuteknoloji.com:1883
2025-11-15 11:19:39 - mqtt_client - INFO - 📡 Subscribed to: nugateway/D83ADDE4A3E0/command/relay
2025-11-15 11:19:39 - mqtt_client - INFO - 📡 Subscribed to: nugateway/D83ADDE4A3E0/command/upload
2025-11-15 11:19:40 - modbus_reader - ERROR - BMS: Incomplete response
2025-11-15 11:19:40 - modbus_reader - WARNING -    âš ï¸  BMS read failed
2025-11-15 11:19:41 - mqtt_client - WARNING - ⚠️ Unexpected MQTT disconnection (code: 7), will auto-reconnect
2025-11-15 11:19:41 - mqtt_client - INFO - ✅ Connected to MQTT broker: broker.nuteknoloji.com:1883
2025-11-15 11:19:41 - mqtt_client - INFO - 📡 Subscribed to: nugateway/D83ADDE4A3E0/command/relay
2025-11-15 11:19:41 - mqtt_client - INFO - 📡 Subscribed to: nugateway/D83ADDE4A3E0/command/upload
2025-11-15 11:19:41 - modbus_reader - INFO - ðŸ‘ï¸  Reading PIR...
2025-11-15 11:19:42 - mqtt_client - WARNING - ⚠️ Unexpected MQTT disconnection (code: 7), will auto-reconnect
2025-11-15 11:19:42 - mqtt_client - INFO - ✅ Connected to MQTT broker: broker.nuteknoloji.com:1883
2025-11-15 11:19:42 - mqtt_client - INFO - 📡 Subscribed to: nugateway/D83ADDE4A3E0/command/relay
2025-11-15 11:19:42 - mqtt_client - INFO - 📡 Subscribed to: nugateway/D83ADDE4A3E0/command/upload
2025-11-15 11:19:42 - modbus_reader - WARNING - No response from slave 02
2025-11-15 11:19:42 - modbus_reader - WARNING -    âš ï¸  PIR read failed
2025-11-15 11:19:42 - __main__ - INFO - ✅ Read 9 parameters from Modbus devices
2025-11-15 11:19:42 - mqtt_client - INFO - ✅ Telemetry published to nugateway/D83ADDE4A3E0/telemetry
2025-11-15 11:19:42 - __main__ - INFO - ✅ Telemetry published to MQTT broker
2025-11-15 11:19:42 - __main__ - INFO - ⏱️  Next publish in 276 seconds
2025-11-15 11:19:43 - mqtt_client - INFO - ✅ Connected to MQTT broker: broker.nuteknoloji.com:1883
2025-11-15 11:19:43 - mqtt_client - WARNING - ⚠️ Unexpected MQTT disconnection (code: 7), will auto-reconnect
2025-11-15 11:19:43 - mqtt_client - INFO - 📡 Subscribed to: nugateway/D83ADDE4A3E0/command/relay
2025-11-15 11:19:43 - mqtt_client - INFO - 📡 Subscribed to: nugateway/D83ADDE4A3E0/command/upload
2025-11-15 11:19:44 - mqtt_client - WARNING - ⚠️ Unexpected MQTT disconnection (code: 7), will auto-reconnect
2025-11-15 11:19:44 - mqtt_client - INFO - ✅ Connected to MQTT broker: broker.nuteknoloji.com:1883
2025-11-15 11:19:44 - mqtt_client - INFO - 📡 Subscribed to: nugateway/D83ADDE4A3E0/command/relay
2025-11-15 11:19:44 - mqtt_client - INFO - 📡 Subscribed to: nugateway/D83ADDE4A3E0/command/upload
2025-11-15 11:19:45 - mqtt_client - WARNING - ⚠️ Unexpected MQTT disconnection (code: 7), will auto-reconnect
2025-11-15 11:19:45 - mqtt_client - INFO - ✅ Connected to MQTT broker: broker.nuteknoloji.com:1883
2025-11-15 11:19:45 - mqtt_client - INFO - 📡 Subscribed to: nugateway/D83ADDE4A3E0/command/relay
2025-11-15 11:19:45 - mqtt_client - INFO - 📡 Subscribed to: nugateway/D83ADDE4A3E0/command/upload
2025-11-15 11:19:46 - mqtt_client - INFO - ✅ Connected to MQTT broker: broker.nuteknoloji.com:1883
2025-11-15 11:19:46 - mqtt_client - WARNING - ⚠️ Unexpected MQTT disconnection (code: 7), will auto-reconnect
2025-11-15 11:19:46 - mqtt_client - INFO - 📡 Subscribed to: nugateway/D83ADDE4A3E0/command/relay
2025-11-15 11:19:46 - mqtt_client - INFO - 📡 Subscribed to: nugateway/D83ADDE4A3E0/command/upload
2025-11-15 11:19:48 - mqtt_client - WARNING - ⚠️ Unexpected MQTT disconnection (code: 7), will auto-reconnect
2025-11-15 11:19:48 - mqtt_client - INFO - ✅ Connected to MQTT broker: broker.nuteknoloji.com:1883
2025-11-15 11:19:48 - mqtt_client - INFO - 📡 Subscribed to: nugateway/D83ADDE4A3E0/command/relay
2025-11-15 11:19:48 - mqtt_client - INFO - 📡 Subscribed to: nugateway/D83ADDE4A3E0/command/upload
2025-11-15 11:19:49 - mqtt_client - INFO - ✅ Connected to MQTT broker: broker.nuteknoloji.com:1883
2025-11-15 11:19:49 - mqtt_client - WARNING - ⚠️ Unexpected MQTT disconnection (code: 7), will auto-reconnect
2025-11-15 11:19:49 - mqtt_client - INFO - 📡 Subscribed to: nugateway/D83ADDE4A3E0/command/relay
2025-11-15 11:19:49 - mqtt_client - INFO - 📡 Subscribed to: nugateway/D83ADDE4A3E0/command/upload
2025-11-15 11:19:50 - mqtt_client - WARNING - ⚠️ Unexpected MQTT disconnection (code: 7), will auto-reconnect
2025-11-15 11:19:50 - mqtt_client - INFO - ✅ Connected to MQTT broker: broker.nuteknoloji.com:1883
2025-11-15 11:19:50 - mqtt_client - INFO - 📡 Subscribed to: nugateway/D83ADDE4A3E0/command/relay
2025-11-15 11:19:50 - mqtt_client - INFO - 📡 Subscribed to: nugateway/D83ADDE4A3E0/command/upload
2025-11-15 11:19:51 - mqtt_client - INFO - ✅ Connected to MQTT broker: broker.nuteknoloji.com:1883
2025-11-15 11:19:51 - mqtt_client - INFO - 📡 Subscribed to: nugateway/D83ADDE4A3E0/command/relay
2025-11-15 11:19:51 - mqtt_client - INFO - 📡 Subscribed to: nugateway/D83ADDE4A3E0/command/upload
2025-11-15 11:19:51 - mqtt_client - WARNING - ⚠️ Unexpected MQTT disconnection (code: 7), will auto-reconnect
2025-11-15 11:19:52 - mqtt_client - WARNING - ⚠️ Unexpected MQTT disconnection (code: 7), will auto-reconnect
2025-11-15 11:19:52 - mqtt_client - INFO - ✅ Connected to MQTT broker: broker.nuteknoloji.com:1883
2025-11-15 11:19:52 - mqtt_client - INFO - 📡 Subscribed to: nugateway/D83ADDE4A3E0/command/relay
2025-11-15 11:19:52 - mqtt_client - INFO - 📡 Subscribed to: nugateway/D83ADDE4A3E0/command/upload
2025-11-15 11:19:54 - mqtt_client - INFO - ✅ Connected to MQTT broker: broker.nuteknoloji.com:1883
2025-11-15 11:19:54 - mqtt_client - WARNING - ⚠️ Unexpected MQTT disconnection (code: 7), will auto-reconnect
2025-11-15 11:19:54 - mqtt_client - INFO - 📡 Subscribed to: nugateway/D83ADDE4A3E0/command/relay
2025-11-15 11:19:54 - mqtt_client - INFO - 📡 Subscribed to: nugateway/D83ADDE4A3E0/command/upload
2025-11-15 11:19:55 - mqtt_client - WARNING - ⚠️ Unexpected MQTT disconnection (code: 7), will auto-reconnect
2025-11-15 11:19:55 - mqtt_client - INFO - ✅ Connected to MQTT broker: broker.nuteknoloji.com:1883
2025-11-15 11:19:55 - mqtt_client - INFO - 📡 Subscribed to: nugateway/D83ADDE4A3E0/command/relay
2025-11-15 11:19:55 - mqtt_client - INFO - 📡 Subscribed to: nugateway/D83ADDE4A3E0/command/upload
2025-11-15 11:19:56 - mqtt_client - INFO - ✅ Connected to MQTT broker: broker.nuteknoloji.com:1883
2025-11-15 11:19:56 - mqtt_client - WARNING - ⚠️ Unexpected MQTT disconnection (code: 7), will auto-reconnect
2025-11-15 11:19:56 - mqtt_client - INFO - 📡 Subscribed to: nugateway/D83ADDE4A3E0/command/relay
2025-11-15 11:19:56 - mqtt_client - INFO - 📡 Subscribed to: nugateway/D83ADDE4A3E0/command/upload
2025-11-15 11:19:57 - mqtt_client - WARNING - ⚠️ Unexpected MQTT disconnection (code: 7), will auto-reconnect
2025-11-15 11:19:57 - mqtt_client - INFO - ✅ Connected to MQTT broker: broker.nuteknoloji.com:1883
2025-11-15 11:19:57 - mqtt_client - INFO - 📡 Subscribed to: nugateway/D83ADDE4A3E0/command/relay
2025-11-15 11:19:57 - mqtt_client - INFO - 📡 Subscribed to: nugateway/D83ADDE4A3E0/command/upload
2025-11-15 11:19:58 - mqtt_client - INFO - ✅ Connected to MQTT broker: broker.nuteknoloji.com:1883
2025-11-15 11:19:58 - mqtt_client - INFO - 📡 Subscribed to: nugateway/D83ADDE4A3E0/command/relay
2025-11-15 11:19:58 - mqtt_client - INFO - 📡 Subscribed to: nugateway/D83ADDE4A3E0/command/upload
2025-11-15 11:19:58 - mqtt_client - WARNING - ⚠️ Unexpected MQTT disconnection (code: 7), will auto-reconnect
2025-11-15 11:19:59 - mqtt_client - INFO - ✅ Connected to MQTT broker: broker.nuteknoloji.com:1883
2025-11-15 11:19:59 - mqtt_client - WARNING - ⚠️ Unexpected MQTT disconnection (code: 7), will auto-reconnect
2025-11-15 11:19:59 - mqtt_client - INFO - 📡 Subscribed to: nugateway/D83ADDE4A3E0/command/relay
2025-11-15 11:19:59 - mqtt_client - INFO - 📡 Subscribed to: nugateway/D83ADDE4A3E0/command/upload
2025-11-15 11:20:01 - mqtt_client - INFO - ✅ Connected to MQTT broker: broker.nuteknoloji.com:1883
2025-11-15 11:20:01 - mqtt_client - WARNING - ⚠️ Unexpected MQTT disconnection (code: 7), will auto-reconnect
2025-11-15 11:20:01 - mqtt_client - INFO - 📡 Subscribed to: nugateway/D83ADDE4A3E0/command/relay
2025-11-15 11:20:01 - mqtt_client - INFO - 📡 Subscribed to: nugateway/D83ADDE4A3E0/command/upload
2025-11-15 11:20:02 - mqtt_client - WARNING - ⚠️ Unexpected MQTT disconnection (code: 7), will auto-reconnect
2025-11-15 11:20:02 - mqtt_client - INFO - ✅ Connected to MQTT broker: broker.nuteknoloji.com:1883
2025-11-15 11:20:02 - mqtt_client - INFO - 📡 Subscribed to: nugateway/D83ADDE4A3E0/command/relay
2025-11-15 11:20:02 - mqtt_client - INFO - 📡 Subscribed to: nugateway/D83ADDE4A3E0/command/upload
2025-11-15 11:20:03 - mqtt_client - INFO - ✅ Connected to MQTT broker: broker.nuteknoloji.com:1883
2025-11-15 11:20:03 - mqtt_client - WARNING - ⚠️ Unexpected MQTT disconnection (code: 7), will auto-reconnect
2025-11-15 11:20:03 - mqtt_client - INFO - 📡 Subscribed to: nugateway/D83ADDE4A3E0/command/relay
2025-11-15 11:20:03 - mqtt_client - INFO - 📡 Subscribed to: nugateway/D83ADDE4A3E0/command/upload
2025-11-15 11:20:04 - mqtt_client - WARNING - ⚠️ Unexpected MQTT disconnection (code: 7), will auto-reconnect
2025-11-15 11:20:04 - mqtt_client - INFO - ✅ Connected to MQTT broker: broker.nuteknoloji.com:1883
2025-11-15 11:20:04 - mqtt_client - INFO - 📡 Subscribed to: nugateway/D83ADDE4A3E0/command/relay
2025-11-15 11:20:04 - mqtt_client - INFO - 📡 Subscribed to: nugateway/D83ADDE4A3E0/command/upload
2025-11-15 11:20:05 - mqtt_client - WARNING - ⚠️ Unexpected MQTT disconnection (code: 7), will auto-reconnect
2025-11-15 11:20:05 - mqtt_client - INFO - ✅ Connected to MQTT broker: broker.nuteknoloji.com:1883
2025-11-15 11:20:05 - mqtt_client - INFO - 📡 Subscribed to: nugateway/D83ADDE4A3E0/command/relay
2025-11-15 11:20:05 - mqtt_client - INFO - 📡 Subscribed to: nugateway/D83ADDE4A3E0/command/upload
2025-11-15 11:20:07 - mqtt_client - WARNING - ⚠️ Unexpected MQTT disconnection (code: 7), will auto-reconnect
2025-11-15 11:20:07 - mqtt_client - INFO - ✅ Connected to MQTT broker: broker.nuteknoloji.com:1883
2025-11-15 11:20:07 - mqtt_client - INFO - 📡 Subscribed to: nugateway/D83ADDE4A3E0/command/relay
2025-11-15 11:20:07 - mqtt_client - INFO - 📡 Subscribed to: nugateway/D83ADDE4A3E0/command/upload
2025-11-15 11:20:08 - mqtt_client - INFO - ✅ Connected to MQTT broker: broker.nuteknoloji.com:1883
2025-11-15 11:20:08 - mqtt_client - INFO - 📡 Subscribed to: nugateway/D83ADDE4A3E0/command/relay
2025-11-15 11:20:08 - mqtt_client - INFO - 📡 Subscribed to: nugateway/D83ADDE4A3E0/command/upload
2025-11-15 11:20:08 - mqtt_client - WARNING - ⚠️ Unexpected MQTT disconnection (code: 7), will auto-reconnect
2025-11-15 11:20:16 - mqtt_client - WARNING - ⚠️ Unexpected MQTT disconnection (code: 7), will auto-reconnect
2025-11-15 11:20:16 - mqtt_client - INFO - ✅ Connected to MQTT broker: broker.nuteknoloji.com:1883
2025-11-15 11:20:16 - mqtt_client - INFO - 📡 Subscribed to: nugateway/D83ADDE4A3E0/command/relay
2025-11-15 11:20:16 - mqtt_client - INFO - 📡 Subscribed to: nugateway/D83ADDE4A3E0/command/upload
2025-11-15 11:20:17 - mqtt_client - WARNING - ⚠️ Unexpected MQTT disconnection (code: 7), will auto-reconnect
2025-11-15 11:20:17 - mqtt_client - INFO - ✅ Connected to MQTT broker: broker.nuteknoloji.com:1883
2025-11-15 11:20:17 - mqtt_client - INFO - 📡 Subscribed to: nugateway/D83ADDE4A3E0/command/relay
2025-11-15 11:20:17 - mqtt_client - INFO - 📡 Subscribed to: nugateway/D83ADDE4A3E0/command/upload
2025-11-15 11:20:18 - mqtt_client - WARNING - ⚠️ Unexpected MQTT disconnection (code: 7), will auto-reconnect
2025-11-15 11:20:18 - mqtt_client - INFO - ✅ Connected to MQTT broker: broker.nuteknoloji.com:1883
2025-11-15 11:20:18 - mqtt_client - INFO - 📡 Subscribed to: nugateway/D83ADDE4A3E0/command/relay
2025-11-15 11:20:18 - mqtt_client - INFO - 📡 Subscribed to: nugateway/D83ADDE4A3E0/command/upload
2025-11-15 11:20:19 - __main__ - INFO - ============================================================
2025-11-15 11:20:19 - __main__ - INFO - 📡 Reading Modbus devices... [11:20:19]
2025-11-15 11:20:19 - modbus_reader - INFO - ðŸ“Š Reading MPPT...
2025-11-15 11:20:19 - mqtt_client - INFO - ✅ Connected to MQTT broker: broker.nuteknoloji.com:1883
2025-11-15 11:20:19 - mqtt_client - WARNING - ⚠️ Unexpected MQTT disconnection (code: 7), will auto-reconnect
2025-11-15 11:20:19 - mqtt_client - INFO - 📡 Subscribed to: nugateway/D83ADDE4A3E0/command/relay
2025-11-15 11:20:19 - mqtt_client - INFO - 📡 Subscribed to: nugateway/D83ADDE4A3E0/command/upload
2025-11-15 11:20:21 - mqtt_client - WARNING - ⚠️ Unexpected MQTT disconnection (code: 7), will auto-reconnect
2025-11-15 11:20:21 - mqtt_client - INFO - ✅ Connected to MQTT broker: broker.nuteknoloji.com:1883
2025-11-15 11:20:21 - mqtt_client - INFO - 📡 Subscribed to: nugateway/D83ADDE4A3E0/command/relay
2025-11-15 11:20:21 - mqtt_client - INFO - 📡 Subscribed to: nugateway/D83ADDE4A3E0/command/upload
2025-11-15 11:20:22 - mqtt_client - INFO - ✅ Connected to MQTT broker: broker.nuteknoloji.com:1883
2025-11-15 11:20:22 - mqtt_client - WARNING - ⚠️ Unexpected MQTT disconnection (code: 7), will auto-reconnect
2025-11-15 11:20:22 - mqtt_client - INFO - 📡 Subscribed to: nugateway/D83ADDE4A3E0/command/relay
2025-11-15 11:20:22 - mqtt_client - INFO - 📡 Subscribed to: nugateway/D83ADDE4A3E0/command/upload
2025-11-15 11:20:22 - modbus_reader - INFO -    âœ“ PV: 21.8V, 3.45A, 4857528.32W
2025-11-15 11:20:22 - modbus_reader - INFO -    âœ“ Battery: 14.62V, SOC: 99%
2025-11-15 11:20:22 - modbus_reader - INFO - ðŸŒ¡ï¸  Reading ENV sensor...
2025-11-15 11:20:23 - mqtt_client - WARNING - ⚠️ Unexpected MQTT disconnection (code: 7), will auto-reconnect
2025-11-15 11:20:23 - mqtt_client - INFO - ✅ Connected to MQTT broker: broker.nuteknoloji.com:1883
2025-11-15 11:20:23 - mqtt_client - INFO - 📡 Subscribed to: nugateway/D83ADDE4A3E0/command/relay
2025-11-15 11:20:23 - mqtt_client - INFO - 📡 Subscribed to: nugateway/D83ADDE4A3E0/command/upload
2025-11-15 11:20:24 - modbus_reader - INFO -    âœ“ Temp: 1.0Â°C, Humidity: 60.0%
2025-11-15 11:20:24 - modbus_reader - INFO -    âœ“ CO2: 1.0 ppm
2025-11-15 11:20:24 - modbus_reader - INFO - ðŸ’¡ Reading LDR...
2025-11-15 11:20:24 - modbus_reader - INFO -    âœ“ Light: 64042 lux (Bright)
2025-11-15 11:20:24 - mqtt_client - WARNING - ⚠️ Unexpected MQTT disconnection (code: 7), will auto-reconnect
2025-11-15 11:20:24 - mqtt_client - INFO - ✅ Connected to MQTT broker: broker.nuteknoloji.com:1883
2025-11-15 11:20:24 - mqtt_client - INFO - 📡 Subscribed to: nugateway/D83ADDE4A3E0/command/relay
2025-11-15 11:20:24 - mqtt_client - INFO - 📡 Subscribed to: nugateway/D83ADDE4A3E0/command/upload
2025-11-15 11:20:24 - modbus_reader - INFO - ðŸ”‹ Reading BMS...
2025-11-15 11:20:25 - mqtt_client - INFO - ✅ Connected to MQTT broker: broker.nuteknoloji.com:1883
2025-11-15 11:20:25 - mqtt_client - WARNING - ⚠️ Unexpected MQTT disconnection (code: 7), will auto-reconnect
2025-11-15 11:20:25 - mqtt_client - INFO - 📡 Subscribed to: nugateway/D83ADDE4A3E0/command/relay
2025-11-15 11:20:25 - mqtt_client - INFO - 📡 Subscribed to: nugateway/D83ADDE4A3E0/command/upload
2025-11-15 11:20:25 - modbus_reader - ERROR - BMS: Incomplete response
2025-11-15 11:20:25 - modbus_reader - WARNING -    âš ï¸  BMS read failed
2025-11-15 11:20:26 - modbus_reader - INFO - ðŸ‘ï¸  Reading PIR...
2025-11-15 11:20:27 - mqtt_client - INFO - ✅ Connected to MQTT broker: broker.nuteknoloji.com:1883
2025-11-15 11:20:27 - mqtt_client - WARNING - ⚠️ Unexpected MQTT disconnection (code: 7), will auto-reconnect
2025-11-15 11:20:27 - mqtt_client - INFO - 📡 Subscribed to: nugateway/D83ADDE4A3E0/command/relay
2025-11-15 11:20:27 - mqtt_client - INFO - 📡 Subscribed to: nugateway/D83ADDE4A3E0/command/upload
2025-11-15 11:20:27 - modbus_reader - WARNING - No response from slave 02
2025-11-15 11:20:27 - modbus_reader - WARNING -    âš ï¸  PIR read failed
2025-11-15 11:20:27 - __main__ - INFO - ✅ Read 26 parameters from Modbus devices
2025-11-15 11:20:27 - __main__ - WARNING - ⚠️  MQTT client not connected, skipping publish
2025-11-15 11:20:27 - __main__ - INFO - ⏱️  Next publish in 292 seconds
2025-11-15 11:20:28 - mqtt_client - WARNING - ⚠️ Unexpected MQTT disconnection (code: 7), will auto-reconnect
2025-11-15 11:20:28 - mqtt_client - INFO - ✅ Connected to MQTT broker: broker.nuteknoloji.com:1883
2025-11-15 11:20:28 - mqtt_client - INFO - 📡 Subscribed to: nugateway/D83ADDE4A3E0/command/relay
2025-11-15 11:20:28 - mqtt_client - INFO - 📡 Subscribed to: nugateway/D83ADDE4A3E0/command/upload
2025-11-15 11:20:29 - mqtt_client - INFO - ✅ Connected to MQTT broker: broker.nuteknoloji.com:1883
2025-11-15 11:20:29 - mqtt_client - WARNING - ⚠️ Unexpected MQTT disconnection (code: 7), will auto-reconnect
2025-11-15 11:20:29 - mqtt_client - INFO - 📡 Subscribed to: nugateway/D83ADDE4A3E0/command/relay
2025-11-15 11:20:29 - mqtt_client - INFO - 📡 Subscribed to: nugateway/D83ADDE4A3E0/command/upload
2025-11-15 11:20:30 - mqtt_client - WARNING - ⚠️ Unexpected MQTT disconnection (code: 7), will auto-reconnect
2025-11-15 11:20:30 - mqtt_client - INFO - ✅ Connected to MQTT broker: broker.nuteknoloji.com:1883
2025-11-15 11:20:30 - mqtt_client - INFO - 📡 Subscribed to: nugateway/D83ADDE4A3E0/command/relay
2025-11-15 11:20:30 - mqtt_client - INFO - 📡 Subscribed to: nugateway/D83ADDE4A3E0/command/upload
2025-11-15 11:20:31 - mqtt_client - INFO - ✅ Connected to MQTT broker: broker.nuteknoloji.com:1883
2025-11-15 11:20:31 - mqtt_client - WARNING - ⚠️ Unexpected MQTT disconnection (code: 7), will auto-reconnect
2025-11-15 11:20:31 - mqtt_client - INFO - 📡 Subscribed to: nugateway/D83ADDE4A3E0/command/relay
2025-11-15 11:20:31 - mqtt_client - INFO - 📡 Subscribed to: nugateway/D83ADDE4A3E0/command/upload
2025-11-15 11:20:32 - mqtt_client - INFO - ✅ Connected to MQTT broker: broker.nuteknoloji.com:1883
2025-11-15 11:20:32 - mqtt_client - INFO - 📡 Subscribed to: nugateway/D83ADDE4A3E0/command/relay
2025-11-15 11:20:32 - mqtt_client - INFO - 📡 Subscribed to: nugateway/D83ADDE4A3E0/command/upload
2025-11-15 11:20:32 - mqtt_client - WARNING - ⚠️ Unexpected MQTT disconnection (code: 7), will auto-reconnect
2025-11-15 11:20:34 - mqtt_client - WARNING - ⚠️ Unexpected MQTT disconnection (code: 7), will auto-reconnect
2025-11-15 11:20:34 - mqtt_client - INFO - ✅ Connected to MQTT broker: broker.nuteknoloji.com:1883
2025-11-15 11:20:34 - mqtt_client - INFO - 📡 Subscribed to: nugateway/D83ADDE4A3E0/command/relay
2025-11-15 11:20:34 - mqtt_client - INFO - 📡 Subscribed to: nugateway/D83ADDE4A3E0/command/upload
2025-11-15 11:20:35 - mqtt_client - WARNING - ⚠️ Unexpected MQTT disconnection (code: 7), will auto-reconnect
2025-11-15 11:20:35 - mqtt_client - INFO - ✅ Connected to MQTT broker: broker.nuteknoloji.com:1883
2025-11-15 11:20:35 - mqtt_client - INFO - 📡 Subscribed to: nugateway/D83ADDE4A3E0/command/relay
2025-11-15 11:20:35 - mqtt_client - INFO - 📡 Subscribed to: nugateway/D83ADDE4A3E0/command/upload
2025-11-15 11:20:36 - mqtt_client - WARNING - ⚠️ Unexpected MQTT disconnection (code: 7), will auto-reconnect
2025-11-15 11:20:36 - mqtt_client - INFO - ✅ Connected to MQTT broker: broker.nuteknoloji.com:1883
2025-11-15 11:20:36 - mqtt_client - INFO - 📡 Subscribed to: nugateway/D83ADDE4A3E0/command/relay
2025-11-15 11:20:36 - mqtt_client - INFO - 📡 Subscribed to: nugateway/D83ADDE4A3E0/command/upload
2025-11-15 11:20:37 - mqtt_client - WARNING - ⚠️ Unexpected MQTT disconnection (code: 7), will auto-reconnect
2025-11-15 11:20:37 - mqtt_client - INFO - ✅ Connected to MQTT broker: broker.nuteknoloji.com:1883
2025-11-15 11:20:37 - mqtt_client - INFO - 📡 Subscribed to: nugateway/D83ADDE4A3E0/command/relay
2025-11-15 11:20:37 - mqtt_client - INFO - 📡 Subscribed to: nugateway/D83ADDE4A3E0/command/upload
2025-11-15 11:20:38 - mqtt_client - WARNING - ⚠️ Unexpected MQTT disconnection (code: 7), will auto-reconnect
2025-11-15 11:20:38 - mqtt_client - INFO - ✅ Connected to MQTT broker: broker.nuteknoloji.com:1883
2025-11-15 11:20:38 - mqtt_client - INFO - 📡 Subscribed to: nugateway/D83ADDE4A3E0/command/relay
2025-11-15 11:20:38 - mqtt_client - INFO - 📡 Subscribed to: nugateway/D83ADDE4A3E0/command/upload
2025-11-15 11:20:40 - mqtt_client - INFO - ✅ Connected to MQTT broker: broker.nuteknoloji.com:1883
2025-11-15 11:20:40 - mqtt_client - INFO - 📡 Subscribed to: nugateway/D83ADDE4A3E0/command/relay
2025-11-15 11:20:40 - mqtt_client - WARNING - ⚠️ Unexpected MQTT disconnection (code: 7), will auto-reconnect
2025-11-15 11:20:40 - mqtt_client - INFO - 📡 Subscribed to: nugateway/D83ADDE4A3E0/command/upload
2025-11-15 11:20:41 - mqtt_client - WARNING - ⚠️ Unexpected MQTT disconnection (code: 7), will auto-reconnect
2025-11-15 11:20:41 - mqtt_client - INFO - ✅ Connected to MQTT broker: broker.nuteknoloji.com:1883
2025-11-15 11:20:41 - mqtt_client - INFO - 📡 Subscribed to: nugateway/D83ADDE4A3E0/command/relay
2025-11-15 11:20:41 - mqtt_client - INFO - 📡 Subscribed to: nugateway/D83ADDE4A3E0/command/upload
2025-11-15 11:20:42 - mqtt_client - INFO - ✅ Connected to MQTT broker: broker.nuteknoloji.com:1883
2025-11-15 11:20:42 - mqtt_client - WARNING - ⚠️ Unexpected MQTT disconnection (code: 7), will auto-reconnect
2025-11-15 11:20:42 - mqtt_client - INFO - 📡 Subscribed to: nugateway/D83ADDE4A3E0/command/relay
2025-11-15 11:20:42 - mqtt_client - INFO - 📡 Subscribed to: nugateway/D83ADDE4A3E0/command/upload
2025-11-15 11:20:43 - mqtt_client - WARNING - ⚠️ Unexpected MQTT disconnection (code: 7), will auto-reconnect
2025-11-15 11:20:43 - mqtt_client - INFO - ✅ Connected to MQTT broker: broker.nuteknoloji.com:1883
2025-11-15 11:20:43 - mqtt_client - INFO - 📡 Subscribed to: nugateway/D83ADDE4A3E0/command/relay
2025-11-15 11:20:43 - mqtt_client - INFO - 📡 Subscribed to: nugateway/D83ADDE4A3E0/command/upload
2025-11-15 11:20:44 - mqtt_client - WARNING - ⚠️ Unexpected MQTT disconnection (code: 7), will auto-reconnect
2025-11-15 11:20:44 - mqtt_client - INFO - ✅ Connected to MQTT broker: broker.nuteknoloji.com:1883
2025-11-15 11:20:44 - mqtt_client - INFO - 📡 Subscribed to: nugateway/D83ADDE4A3E0/command/relay
2025-11-15 11:20:44 - mqtt_client - INFO - 📡 Subscribed to: nugateway/D83ADDE4A3E0/command/upload
2025-11-15 11:20:46 - mqtt_client - WARNING - ⚠️ Unexpected MQTT disconnection (code: 7), will auto-reconnect
2025-11-15 11:20:46 - mqtt_client - INFO - ✅ Connected to MQTT broker: broker.nuteknoloji.com:1883
2025-11-15 11:20:46 - mqtt_client - INFO - 📡 Subscribed to: nugateway/D83ADDE4A3E0/command/relay
2025-11-15 11:20:46 - mqtt_client - INFO - 📡 Subscribed to: nugateway/D83ADDE4A3E0/command/upload
2025-11-15 11:20:47 - mqtt_client - WARNING - ⚠️ Unexpected MQTT disconnection (code: 7), will auto-reconnect
2025-11-15 11:20:47 - mqtt_client - INFO - ✅ Connected to MQTT broker: broker.nuteknoloji.com:1883
2025-11-15 11:20:47 - mqtt_client - INFO - 📡 Subscribed to: nugateway/D83ADDE4A3E0/command/relay
2025-11-15 11:20:47 - mqtt_client - INFO - 📡 Subscribed to: nugateway/D83ADDE4A3E0/command/upload
2025-11-15 11:20:48 - mqtt_client - INFO - ✅ Connected to MQTT broker: broker.nuteknoloji.com:1883
2025-11-15 11:20:48 - mqtt_client - INFO - 📡 Subscribed to: nugateway/D83ADDE4A3E0/command/relay
2025-11-15 11:20:48 - mqtt_client - INFO - 📡 Subscribed to: nugateway/D83ADDE4A3E0/command/upload
2025-11-15 11:20:48 - mqtt_client - WARNING - ⚠️ Unexpected MQTT disconnection (code: 7), will auto-reconnect
2025-11-15 11:20:49 - mqtt_client - WARNING - ⚠️ Unexpected MQTT disconnection (code: 7), will auto-reconnect
2025-11-15 11:20:49 - mqtt_client - INFO - ✅ Connected to MQTT broker: broker.nuteknoloji.com:1883
2025-11-15 11:20:49 - mqtt_client - INFO - 📡 Subscribed to: nugateway/D83ADDE4A3E0/command/relay
2025-11-15 11:20:49 - mqtt_client - INFO - 📡 Subscribed to: nugateway/D83ADDE4A3E0/command/upload
2025-11-15 11:20:50 - mqtt_client - INFO - ✅ Connected to MQTT broker: broker.nuteknoloji.com:1883
2025-11-15 11:20:50 - mqtt_client - WARNING - ⚠️ Unexpected MQTT disconnection (code: 7), will auto-reconnect
2025-11-15 11:20:50 - mqtt_client - INFO - 📡 Subscribed to: nugateway/D83ADDE4A3E0/command/relay
2025-11-15 11:20:50 - mqtt_client - INFO - 📡 Subscribed to: nugateway/D83ADDE4A3E0/command/upload
2025-11-15 11:20:51 - mqtt_client - WARNING - ⚠️ Unexpected MQTT disconnection (code: 7), will auto-reconnect
2025-11-15 11:20:51 - mqtt_client - INFO - ✅ Connected to MQTT broker: broker.nuteknoloji.com:1883
2025-11-15 11:20:51 - mqtt_client - INFO - 📡 Subscribed to: nugateway/D83ADDE4A3E0/command/relay
2025-11-15 11:20:51 - mqtt_client - INFO - 📡 Subscribed to: nugateway/D83ADDE4A3E0/command/upload
2025-11-15 11:20:53 - mqtt_client - WARNING - ⚠️ Unexpected MQTT disconnection (code: 7), will auto-reconnect
2025-11-15 11:20:53 - mqtt_client - INFO - ✅ Connected to MQTT broker: broker.nuteknoloji.com:1883
2025-11-15 11:20:53 - mqtt_client - INFO - 📡 Subscribed to: nugateway/D83ADDE4A3E0/command/relay
2025-11-15 11:20:53 - mqtt_client - INFO - 📡 Subscribed to: nugateway/D83ADDE4A3E0/command/upload
2025-11-15 11:20:54 - mqtt_client - WARNING - ⚠️ Unexpected MQTT disconnection (code: 7), will auto-reconnect
2025-11-15 11:20:54 - mqtt_client - INFO - ✅ Connected to MQTT broker: broker.nuteknoloji.com:1883
2025-11-15 11:20:54 - mqtt_client - INFO - 📡 Subscribed to: nugateway/D83ADDE4A3E0/command/relay
2025-11-15 11:20:54 - mqtt_client - INFO - 📡 Subscribed to: nugateway/D83ADDE4A3E0/command/upload
2025-11-15 11:20:55 - mqtt_client - INFO - ✅ Connected to MQTT broker: broker.nuteknoloji.com:1883
2025-11-15 11:20:55 - mqtt_client - WARNING - ⚠️ Unexpected MQTT disconnection (code: 7), will auto-reconnect
2025-11-15 11:20:55 - mqtt_client - INFO - 📡 Subscribed to: nugateway/D83ADDE4A3E0/command/relay
2025-11-15 11:20:55 - mqtt_client - INFO - 📡 Subscribed to: nugateway/D83ADDE4A3E0/command/upload
2025-11-15 11:20:56 - mqtt_client - WARNING - ⚠️ Unexpected MQTT disconnection (code: 7), will auto-reconnect
2025-11-15 11:20:56 - mqtt_client - INFO - ✅ Connected to MQTT broker: broker.nuteknoloji.com:1883
2025-11-15 11:20:56 - mqtt_client - INFO - 📡 Subscribed to: nugateway/D83ADDE4A3E0/command/relay
2025-11-15 11:20:56 - mqtt_client - INFO - 📡 Subscribed to: nugateway/D83ADDE4A3E0/command/upload
2025-11-15 11:20:57 - mqtt_client - WARNING - ⚠️ Unexpected MQTT disconnection (code: 7), will auto-reconnect
2025-11-15 11:20:57 - mqtt_client - INFO - ✅ Connected to MQTT broker: broker.nuteknoloji.com:1883
2025-11-15 11:20:57 - mqtt_client - INFO - 📡 Subscribed to: nugateway/D83ADDE4A3E0/command/relay
2025-11-15 11:20:57 - mqtt_client - INFO - 📡 Subscribed to: nugateway/D83ADDE4A3E0/command/upload
2025-11-15 11:20:59 - mqtt_client - INFO - ✅ Connected to MQTT broker: broker.nuteknoloji.com:1883
2025-11-15 11:20:59 - mqtt_client - WARNING - ⚠️ Unexpected MQTT disconnection (code: 7), will auto-reconnect
2025-11-15 11:20:59 - mqtt_client - INFO - 📡 Subscribed to: nugateway/D83ADDE4A3E0/command/relay
2025-11-15 11:20:59 - mqtt_client - INFO - 📡 Subscribed to: nugateway/D83ADDE4A3E0/command/upload
2025-11-15 11:21:00 - mqtt_client - WARNING - ⚠️ Unexpected MQTT disconnection (code: 7), will auto-reconnect
2025-11-15 11:21:00 - mqtt_client - INFO - ✅ Connected to MQTT broker: broker.nuteknoloji.com:1883
2025-11-15 11:21:00 - mqtt_client - INFO - 📡 Subscribed to: nugateway/D83ADDE4A3E0/command/relay
2025-11-15 11:21:00 - mqtt_client - INFO - 📡 Subscribed to: nugateway/D83ADDE4A3E0/command/upload
2025-11-15 11:21:01 - mqtt_client - INFO - ✅ Connected to MQTT broker: broker.nuteknoloji.com:1883
2025-11-15 11:21:01 - mqtt_client - INFO - 📡 Subscribed to: nugateway/D83ADDE4A3E0/command/relay
2025-11-15 11:21:01 - mqtt_client - INFO - 📡 Subscribed to: nugateway/D83ADDE4A3E0/command/upload
2025-11-15 11:21:01 - mqtt_client - WARNING - ⚠️ Unexpected MQTT disconnection (code: 7), will auto-reconnect
2025-11-15 11:21:02 - mqtt_client - WARNING - ⚠️ Unexpected MQTT disconnection (code: 7), will auto-reconnect
2025-11-15 11:21:02 - mqtt_client - INFO - ✅ Connected to MQTT broker: broker.nuteknoloji.com:1883
2025-11-15 11:21:02 - mqtt_client - INFO - 📡 Subscribed to: nugateway/D83ADDE4A3E0/command/relay
2025-11-15 11:21:02 - mqtt_client - INFO - 📡 Subscribed to: nugateway/D83ADDE4A3E0/command/upload
2025-11-15 11:21:03 - mqtt_client - INFO - ✅ Connected to MQTT broker: broker.nuteknoloji.com:1883
2025-11-15 11:21:03 - mqtt_client - WARNING - ⚠️ Unexpected MQTT disconnection (code: 7), will auto-reconnect
2025-11-15 11:21:03 - mqtt_client - INFO - 📡 Subscribed to: nugateway/D83ADDE4A3E0/command/relay
2025-11-15 11:21:03 - mqtt_client - INFO - 📡 Subscribed to: nugateway/D83ADDE4A3E0/command/upload
2025-11-15 11:21:04 - mqtt_client - INFO - ✅ Connected to MQTT broker: broker.nuteknoloji.com:1883
2025-11-15 11:21:04 - mqtt_client - INFO - 📡 Subscribed to: nugateway/D83ADDE4A3E0/command/relay
2025-11-15 11:21:04 - mqtt_client - INFO - 📡 Subscribed to: nugateway/D83ADDE4A3E0/command/upload
2025-11-15 11:21:05 - mqtt_client - WARNING - ⚠️ Unexpected MQTT disconnection (code: 7), will auto-reconnect
2025-11-15 11:21:06 - mqtt_client - INFO - ✅ Connected to MQTT broker: broker.nuteknoloji.com:1883
2025-11-15 11:21:06 - mqtt_client - WARNING - ⚠️ Unexpected MQTT disconnection (code: 7), will auto-reconnect
2025-11-15 11:21:06 - mqtt_client - INFO - 📡 Subscribed to: nugateway/D83ADDE4A3E0/command/relay
2025-11-15 11:21:06 - mqtt_client - INFO - 📡 Subscribed to: nugateway/D83ADDE4A3E0/command/upload
2025-11-15 11:21:07 - mqtt_client - WARNING - ⚠️ Unexpected MQTT disconnection (code: 7), will auto-reconnect
2025-11-15 11:21:07 - mqtt_client - INFO - ✅ Connected to MQTT broker: broker.nuteknoloji.com:1883
2025-11-15 11:21:07 - mqtt_client - INFO - 📡 Subscribed to: nugateway/D83ADDE4A3E0/command/relay
2025-11-15 11:21:07 - mqtt_client - INFO - 📡 Subscribed to: nugateway/D83ADDE4A3E0/command/upload
2025-11-15 11:21:08 - mqtt_client - WARNING - ⚠️ Unexpected MQTT disconnection (code: 7), will auto-reconnect
2025-11-15 11:21:08 - mqtt_client - INFO - ✅ Connected to MQTT broker: broker.nuteknoloji.com:1883
2025-11-15 11:21:08 - mqtt_client - INFO - 📡 Subscribed to: nugateway/D83ADDE4A3E0/command/relay
2025-11-15 11:21:08 - mqtt_client - INFO - 📡 Subscribed to: nugateway/D83ADDE4A3E0/command/upload
2025-11-15 11:21:09 - mqtt_client - INFO - ✅ Connected to MQTT broker: broker.nuteknoloji.com:1883
2025-11-15 11:21:09 - mqtt_client - WARNING - ⚠️ Unexpected MQTT disconnection (code: 7), will auto-reconnect
2025-11-15 11:21:09 - mqtt_client - INFO - 📡 Subscribed to: nugateway/D83ADDE4A3E0/command/relay
2025-11-15 11:21:09 - mqtt_client - INFO - 📡 Subscribed to: nugateway/D83ADDE4A3E0/command/upload
2025-11-15 11:21:10 - mqtt_client - INFO - ✅ Connected to MQTT broker: broker.nuteknoloji.com:1883
2025-11-15 11:21:10 - mqtt_client - WARNING - ⚠️ Unexpected MQTT disconnection (code: 7), will auto-reconnect
2025-11-15 11:21:10 - mqtt_client - INFO - 📡 Subscribed to: nugateway/D83ADDE4A3E0/command/relay
2025-11-15 11:21:11 - mqtt_client - INFO - 📡 Subscribed to: nugateway/D83ADDE4A3E0/command/upload
2025-11-15 11:21:12 - mqtt_client - INFO - ✅ Connected to MQTT broker: broker.nuteknoloji.com:1883
2025-11-15 11:21:12 - mqtt_client - WARNING - ⚠️ Unexpected MQTT disconnection (code: 7), will auto-reconnect
2025-11-15 11:21:12 - mqtt_client - INFO - 📡 Subscribed to: nugateway/D83ADDE4A3E0/command/relay
2025-11-15 11:21:12 - mqtt_client - INFO - 📡 Subscribed to: nugateway/D83ADDE4A3E0/command/upload
2025-11-15 11:21:13 - mqtt_client - WARNING - ⚠️ Unexpected MQTT disconnection (code: 7), will auto-reconnect
2025-11-15 11:21:13 - mqtt_client - INFO - ✅ Connected to MQTT broker: broker.nuteknoloji.com:1883
2025-11-15 11:21:13 - mqtt_client - INFO - 📡 Subscribed to: nugateway/D83ADDE4A3E0/command/relay
2025-11-15 11:21:13 - mqtt_client - INFO - 📡 Subscribed to: nugateway/D83ADDE4A3E0/command/upload
2025-11-15 11:21:14 - mqtt_client - INFO - ✅ Connected to MQTT broker: broker.nuteknoloji.com:1883
2025-11-15 11:21:14 - mqtt_client - WARNING - ⚠️ Unexpected MQTT disconnection (code: 7), will auto-reconnect
2025-11-15 11:21:14 - mqtt_client - INFO - 📡 Subscribed to: nugateway/D83ADDE4A3E0/command/relay
2025-11-15 11:21:14 - mqtt_client - INFO - 📡 Subscribed to: nugateway/D83ADDE4A3E0/command/upload
2025-11-15 11:21:15 - mqtt_client - WARNING - ⚠️ Unexpected MQTT disconnection (code: 7), will auto-reconnect
2025-11-15 11:21:15 - mqtt_client - INFO - ✅ Connected to MQTT broker: broker.nuteknoloji.com:1883
2025-11-15 11:21:15 - mqtt_client - INFO - 📡 Subscribed to: nugateway/D83ADDE4A3E0/command/relay
2025-11-15 11:21:15 - mqtt_client - INFO - 📡 Subscribed to: nugateway/D83ADDE4A3E0/command/upload
2025-11-15 11:21:16 - mqtt_client - WARNING - ⚠️ Unexpected MQTT disconnection (code: 7), will auto-reconnect
2025-11-15 11:21:16 - mqtt_client - INFO - ✅ Connected to MQTT broker: broker.nuteknoloji.com:1883
2025-11-15 11:21:16 - mqtt_client - INFO - 📡 Subscribed to: nugateway/D83ADDE4A3E0/command/relay
2025-11-15 11:21:16 - mqtt_client - INFO - 📡 Subscribed to: nugateway/D83ADDE4A3E0/command/upload
2025-11-15 11:21:18 - mqtt_client - INFO - ✅ Connected to MQTT broker: broker.nuteknoloji.com:1883
2025-11-15 11:21:18 - mqtt_client - WARNING - ⚠️ Unexpected MQTT disconnection (code: 7), will auto-reconnect
2025-11-15 11:21:18 - mqtt_client - INFO - 📡 Subscribed to: nugateway/D83ADDE4A3E0/command/relay
2025-11-15 11:21:18 - mqtt_client - INFO - 📡 Subscribed to: nugateway/D83ADDE4A3E0/command/upload
2025-11-15 11:21:19 - mqtt_client - WARNING - ⚠️ Unexpected MQTT disconnection (code: 7), will auto-reconnect
2025-11-15 11:21:19 - mqtt_client - INFO - ✅ Connected to MQTT broker: broker.nuteknoloji.com:1883
2025-11-15 11:21:19 - mqtt_client - INFO - 📡 Subscribed to: nugateway/D83ADDE4A3E0/command/relay
2025-11-15 11:21:19 - mqtt_client - INFO - 📡 Subscribed to: nugateway/D83ADDE4A3E0/command/upload
2025-11-15 11:21:20 - mqtt_client - INFO - ✅ Connected to MQTT broker: broker.nuteknoloji.com:1883
2025-11-15 11:21:20 - mqtt_client - WARNING - ⚠️ Unexpected MQTT disconnection (code: 7), will auto-reconnect
2025-11-15 11:21:20 - mqtt_client - INFO - 📡 Subscribed to: nugateway/D83ADDE4A3E0/command/relay
2025-11-15 11:21:20 - mqtt_client - INFO - 📡 Subscribed to: nugateway/D83ADDE4A3E0/command/upload
2025-11-15 11:21:21 - mqtt_client - INFO - ✅ Connected to MQTT broker: broker.nuteknoloji.com:1883
2025-11-15 11:21:21 - mqtt_client - INFO - 📡 Subscribed to: nugateway/D83ADDE4A3E0/command/relay
2025-11-15 11:21:21 - mqtt_client - INFO - 📡 Subscribed to: nugateway/D83ADDE4A3E0/command/upload
2025-11-15 11:21:21 - mqtt_client - WARNING - ⚠️ Unexpected MQTT disconnection (code: 7), will auto-reconnect
2025-11-15 11:21:22 - mqtt_client - WARNING - ⚠️ Unexpected MQTT disconnection (code: 7), will auto-reconnect
2025-11-15 11:21:22 - mqtt_client - INFO - ✅ Connected to MQTT broker: broker.nuteknoloji.com:1883
2025-11-15 11:21:22 - mqtt_client - INFO - 📡 Subscribed to: nugateway/D83ADDE4A3E0/command/relay
2025-11-15 11:21:22 - mqtt_client - INFO - 📡 Subscribed to: nugateway/D83ADDE4A3E0/command/upload
2025-11-15 11:21:24 - mqtt_client - WARNING - ⚠️ Unexpected MQTT disconnection (code: 7), will auto-reconnect
2025-11-15 11:21:24 - mqtt_client - INFO - ✅ Connected to MQTT broker: broker.nuteknoloji.com:1883
2025-11-15 11:21:24 - mqtt_client - INFO - 📡 Subscribed to: nugateway/D83ADDE4A3E0/command/relay
2025-11-15 11:21:24 - mqtt_client - INFO - 📡 Subscribed to: nugateway/D83ADDE4A3E0/command/upload
2025-11-15 11:21:25 - mqtt_client - INFO - ✅ Connected to MQTT broker: broker.nuteknoloji.com:1883
2025-11-15 11:21:25 - mqtt_client - INFO - 📡 Subscribed to: nugateway/D83ADDE4A3E0/command/relay
2025-11-15 11:21:25 - mqtt_client - INFO - 📡 Subscribed to: nugateway/D83ADDE4A3E0/command/upload
2025-11-15 11:21:25 - mqtt_client - WARNING - ⚠️ Unexpected MQTT disconnection (code: 7), will auto-reconnect
2025-11-15 11:21:26 - mqtt_client - WARNING - ⚠️ Unexpected MQTT disconnection (code: 7), will auto-reconnect
2025-11-15 11:21:26 - mqtt_client - INFO - ✅ Connected to MQTT broker: broker.nuteknoloji.com:1883
2025-11-15 11:21:26 - mqtt_client - INFO - 📡 Subscribed to: nugateway/D83ADDE4A3E0/command/relay
2025-11-15 11:21:26 - mqtt_client - INFO - 📡 Subscribed to: nugateway/D83ADDE4A3E0/command/upload
2025-11-15 11:21:27 - mqtt_client - INFO - ✅ Connected to MQTT broker: broker.nuteknoloji.com:1883
2025-11-15 11:21:27 - mqtt_client - WARNING - ⚠️ Unexpected MQTT disconnection (code: 7), will auto-reconnect
2025-11-15 11:21:27 - mqtt_client - INFO - 📡 Subscribed to: nugateway/D83ADDE4A3E0/command/relay
2025-11-15 11:21:27 - mqtt_client - INFO - 📡 Subscribed to: nugateway/D83ADDE4A3E0/command/upload
2025-11-15 11:21:28 - mqtt_client - INFO - ✅ Connected to MQTT broker: broker.nuteknoloji.com:1883
2025-11-15 11:21:28 - mqtt_client - WARNING - ⚠️ Unexpected MQTT disconnection (code: 7), will auto-reconnect
2025-11-15 11:21:28 - mqtt_client - INFO - 📡 Subscribed to: nugateway/D83ADDE4A3E0/command/relay
2025-11-15 11:21:28 - mqtt_client - INFO - 📡 Subscribed to: nugateway/D83ADDE4A3E0/command/upload
2025-11-15 11:21:29 - mqtt_client - WARNING - ⚠️ Unexpected MQTT disconnection (code: 7), will auto-reconnect
2025-11-15 11:21:29 - mqtt_client - INFO - ✅ Connected to MQTT broker: broker.nuteknoloji.com:1883
2025-11-15 11:21:29 - mqtt_client - INFO - 📡 Subscribed to: nugateway/D83ADDE4A3E0/command/relay
2025-11-15 11:21:29 - mqtt_client - INFO - 📡 Subscribed to: nugateway/D83ADDE4A3E0/command/upload
2025-11-15 11:21:31 - mqtt_client - WARNING - ⚠️ Unexpected MQTT disconnection (code: 7), will auto-reconnect
2025-11-15 11:21:31 - mqtt_client - INFO - ✅ Connected to MQTT broker: broker.nuteknoloji.com:1883
2025-11-15 11:21:31 - mqtt_client - INFO - 📡 Subscribed to: nugateway/D83ADDE4A3E0/command/relay
2025-11-15 11:21:31 - mqtt_client - INFO - 📡 Subscribed to: nugateway/D83ADDE4A3E0/command/upload
2025-11-15 11:21:32 - mqtt_client - WARNING - ⚠️ Unexpected MQTT disconnection (code: 7), will auto-reconnect
2025-11-15 11:21:32 - mqtt_client - INFO - ✅ Connected to MQTT broker: broker.nuteknoloji.com:1883
2025-11-15 11:21:32 - mqtt_client - INFO - 📡 Subscribed to: nugateway/D83ADDE4A3E0/command/relay
2025-11-15 11:21:32 - mqtt_client - INFO - 📡 Subscribed to: nugateway/D83ADDE4A3E0/command/upload
2025-11-15 11:21:33 - mqtt_client - INFO - ✅ Connected to MQTT broker: broker.nuteknoloji.com:1883
2025-11-15 11:21:33 - mqtt_client - WARNING - ⚠️ Unexpected MQTT disconnection (code: 7), will auto-reconnect
2025-11-15 11:21:33 - mqtt_client - INFO - 📡 Subscribed to: nugateway/D83ADDE4A3E0/command/relay
2025-11-15 11:21:33 - mqtt_client - INFO - 📡 Subscribed to: nugateway/D83ADDE4A3E0/command/upload
2025-11-15 11:21:34 - mqtt_client - INFO - ✅ Connected to MQTT broker: broker.nuteknoloji.com:1883
2025-11-15 11:21:34 - mqtt_client - WARNING - ⚠️ Unexpected MQTT disconnection (code: 7), will auto-reconnect
2025-11-15 11:21:34 - mqtt_client - INFO - 📡 Subscribed to: nugateway/D83ADDE4A3E0/command/relay
2025-11-15 11:21:34 - mqtt_client - INFO - 📡 Subscribed to: nugateway/D83ADDE4A3E0/command/upload
2025-11-15 11:21:35 - mqtt_client - WARNING - ⚠️ Unexpected MQTT disconnection (code: 7), will auto-reconnect
2025-11-15 11:21:35 - mqtt_client - INFO - ✅ Connected to MQTT broker: broker.nuteknoloji.com:1883
2025-11-15 11:21:35 - mqtt_client - INFO - 📡 Subscribed to: nugateway/D83ADDE4A3E0/command/relay
2025-11-15 11:21:35 - mqtt_client - INFO - 📡 Subscribed to: nugateway/D83ADDE4A3E0/command/upload
2025-11-15 11:21:37 - mqtt_client - WARNING - ⚠️ Unexpected MQTT disconnection (code: 7), will auto-reconnect
2025-11-15 11:21:37 - mqtt_client - INFO - ✅ Connected to MQTT broker: broker.nuteknoloji.com:1883
2025-11-15 11:21:37 - mqtt_client - INFO - 📡 Subscribed to: nugateway/D83ADDE4A3E0/command/relay
2025-11-15 11:21:37 - mqtt_client - INFO - 📡 Subscribed to: nugateway/D83ADDE4A3E0/command/upload
2025-11-15 11:21:38 - mqtt_client - INFO - ✅ Connected to MQTT broker: broker.nuteknoloji.com:1883
2025-11-15 11:21:38 - mqtt_client - WARNING - ⚠️ Unexpected MQTT disconnection (code: 7), will auto-reconnect
2025-11-15 11:21:38 - mqtt_client - INFO - 📡 Subscribed to: nugateway/D83ADDE4A3E0/command/relay
2025-11-15 11:21:38 - mqtt_client - INFO - 📡 Subscribed to: nugateway/D83ADDE4A3E0/command/upload
2025-11-15 11:21:39 - mqtt_client - WARNING - ⚠️ Unexpected MQTT disconnection (code: 7), will auto-reconnect
2025-11-15 11:21:39 - mqtt_client - INFO - ✅ Connected to MQTT broker: broker.nuteknoloji.com:1883
2025-11-15 11:21:39 - mqtt_client - INFO - 📡 Subscribed to: nugateway/D83ADDE4A3E0/command/relay
2025-11-15 11:21:39 - mqtt_client - INFO - 📡 Subscribed to: nugateway/D83ADDE4A3E0/command/upload
2025-11-15 11:21:40 - mqtt_client - WARNING - ⚠️ Unexpected MQTT disconnection (code: 7), will auto-reconnect
2025-11-15 11:21:40 - mqtt_client - INFO - ✅ Connected to MQTT broker: broker.nuteknoloji.com:1883
2025-11-15 11:21:40 - mqtt_client - INFO - 📡 Subscribed to: nugateway/D83ADDE4A3E0/command/relay
2025-11-15 11:21:40 - mqtt_client - INFO - 📡 Subscribed to: nugateway/D83ADDE4A3E0/command/upload
2025-11-15 11:21:41 - mqtt_client - INFO - ✅ Connected to MQTT broker: broker.nuteknoloji.com:1883
2025-11-15 11:21:41 - mqtt_client - WARNING - ⚠️ Unexpected MQTT disconnection (code: 7), will auto-reconnect
2025-11-15 11:21:41 - mqtt_client - INFO - 📡 Subscribed to: nugateway/D83ADDE4A3E0/command/relay
2025-11-15 11:21:41 - mqtt_client - INFO - 📡 Subscribed to: nugateway/D83ADDE4A3E0/command/upload
2025-11-15 11:21:42 - mqtt_client - INFO - ✅ Connected to MQTT broker: broker.nuteknoloji.com:1883
2025-11-15 11:21:42 - mqtt_client - INFO - 📡 Subscribed to: nugateway/D83ADDE4A3E0/command/relay
2025-11-15 11:21:42 - mqtt_client - INFO - 📡 Subscribed to: nugateway/D83ADDE4A3E0/command/upload
2025-11-15 11:21:42 - mqtt_client - WARNING - ⚠️ Unexpected MQTT disconnection (code: 7), will auto-reconnect
2025-11-15 11:21:44 - mqtt_client - WARNING - ⚠️ Unexpected MQTT disconnection (code: 7), will auto-reconnect
2025-11-15 11:21:44 - mqtt_client - INFO - ✅ Connected to MQTT broker: broker.nuteknoloji.com:1883
2025-11-15 11:21:44 - mqtt_client - INFO - 📡 Subscribed to: nugateway/D83ADDE4A3E0/command/relay
2025-11-15 11:21:44 - mqtt_client - INFO - 📡 Subscribed to: nugateway/D83ADDE4A3E0/command/upload
2025-11-15 11:21:45 - mqtt_client - INFO - ✅ Connected to MQTT broker: broker.nuteknoloji.com:1883
2025-11-15 11:21:45 - mqtt_client - WARNING - ⚠️ Unexpected MQTT disconnection (code: 7), will auto-reconnect
2025-11-15 11:21:45 - mqtt_client - INFO - 📡 Subscribed to: nugateway/D83ADDE4A3E0/command/relay
2025-11-15 11:21:45 - mqtt_client - INFO - 📡 Subscribed to: nugateway/D83ADDE4A3E0/command/upload
2025-11-15 11:21:46 - mqtt_client - WARNING - ⚠️ Unexpected MQTT disconnection (code: 7), will auto-reconnect
2025-11-15 11:21:46 - mqtt_client - INFO - ✅ Connected to MQTT broker: broker.nuteknoloji.com:1883
2025-11-15 11:21:46 - mqtt_client - INFO - 📡 Subscribed to: nugateway/D83ADDE4A3E0/command/relay
2025-11-15 11:21:46 - mqtt_client - INFO - 📡 Subscribed to: nugateway/D83ADDE4A3E0/command/upload
2025-11-15 11:21:47 - mqtt_client - WARNING - ⚠️ Unexpected MQTT disconnection (code: 7), will auto-reconnect
2025-11-15 11:21:47 - mqtt_client - INFO - ✅ Connected to MQTT broker: broker.nuteknoloji.com:1883
2025-11-15 11:21:47 - mqtt_client - INFO - 📡 Subscribed to: nugateway/D83ADDE4A3E0/command/relay
2025-11-15 11:21:47 - mqtt_client - INFO - 📡 Subscribed to: nugateway/D83ADDE4A3E0/command/upload
2025-11-15 11:21:48 - mqtt_client - INFO - ✅ Connected to MQTT broker: broker.nuteknoloji.com:1883
2025-11-15 11:21:48 - mqtt_client - WARNING - ⚠️ Unexpected MQTT disconnection (code: 7), will auto-reconnect
2025-11-15 11:21:48 - mqtt_client - INFO - 📡 Subscribed to: nugateway/D83ADDE4A3E0/command/relay
2025-11-15 11:21:48 - mqtt_client - INFO - 📡 Subscribed to: nugateway/D83ADDE4A3E0/command/upload
2025-11-15 11:21:50 - mqtt_client - WARNING - ⚠️ Unexpected MQTT disconnection (code: 7), will auto-reconnect
2025-11-15 11:21:50 - mqtt_client - INFO - ✅ Connected to MQTT broker: broker.nuteknoloji.com:1883
2025-11-15 11:21:50 - mqtt_client - INFO - 📡 Subscribed to: nugateway/D83ADDE4A3E0/command/relay
2025-11-15 11:21:50 - mqtt_client - INFO - 📡 Subscribed to: nugateway/D83ADDE4A3E0/command/upload
2025-11-15 11:21:51 - mqtt_client - WARNING - ⚠️ Unexpected MQTT disconnection (code: 7), will auto-reconnect
2025-11-15 11:21:51 - mqtt_client - INFO - ✅ Connected to MQTT broker: broker.nuteknoloji.com:1883
2025-11-15 11:21:51 - mqtt_client - INFO - 📡 Subscribed to: nugateway/D83ADDE4A3E0/command/relay
2025-11-15 11:21:51 - mqtt_client - INFO - 📡 Subscribed to: nugateway/D83ADDE4A3E0/command/upload
2025-11-15 11:21:52 - mqtt_client - WARNING - ⚠️ Unexpected MQTT disconnection (code: 7), will auto-reconnect
2025-11-15 11:21:52 - mqtt_client - INFO - ✅ Connected to MQTT broker: broker.nuteknoloji.com:1883
2025-11-15 11:21:52 - mqtt_client - INFO - 📡 Subscribed to: nugateway/D83ADDE4A3E0/command/relay
2025-11-15 11:21:52 - mqtt_client - INFO - 📡 Subscribed to: nugateway/D83ADDE4A3E0/command/upload
2025-11-15 11:21:53 - mqtt_client - INFO - ✅ Connected to MQTT broker: broker.nuteknoloji.com:1883
2025-11-15 11:21:53 - mqtt_client - WARNING - ⚠️ Unexpected MQTT disconnection (code: 7), will auto-reconnect
2025-11-15 11:21:53 - mqtt_client - INFO - 📡 Subscribed to: nugateway/D83ADDE4A3E0/command/relay
2025-11-15 11:21:53 - mqtt_client - INFO - 📡 Subscribed to: nugateway/D83ADDE4A3E0/command/upload
2025-11-15 11:21:54 - mqtt_client - WARNING - ⚠️ Unexpected MQTT disconnection (code: 7), will auto-reconnect
2025-11-15 11:21:54 - mqtt_client - INFO - ✅ Connected to MQTT broker: broker.nuteknoloji.com:1883
2025-11-15 11:21:54 - mqtt_client - INFO - 📡 Subscribed to: nugateway/D83ADDE4A3E0/command/relay
2025-11-15 11:21:54 - mqtt_client - INFO - 📡 Subscribed to: nugateway/D83ADDE4A3E0/command/upload
2025-11-15 11:21:55 - mqtt_client - WARNING - ⚠️ Unexpected MQTT disconnection (code: 7), will auto-reconnect
2025-11-15 11:21:55 - mqtt_client - INFO - ✅ Connected to MQTT broker: broker.nuteknoloji.com:1883
2025-11-15 11:21:55 - mqtt_client - INFO - 📡 Subscribed to: nugateway/D83ADDE4A3E0/command/relay
2025-11-15 11:21:55 - mqtt_client - INFO - 📡 Subscribed to: nugateway/D83ADDE4A3E0/command/upload
2025-11-15 11:21:57 - mqtt_client - WARNING - ⚠️ Unexpected MQTT disconnection (code: 7), will auto-reconnect
2025-11-15 11:21:57 - mqtt_client - INFO - ✅ Connected to MQTT broker: broker.nuteknoloji.com:1883
2025-11-15 11:21:57 - mqtt_client - INFO - 📡 Subscribed to: nugateway/D83ADDE4A3E0/command/relay
2025-11-15 11:21:57 - mqtt_client - INFO - 📡 Subscribed to: nugateway/D83ADDE4A3E0/command/upload
2025-11-15 11:21:58 - mqtt_client - INFO - ✅ Connected to MQTT broker: broker.nuteknoloji.com:1883
2025-11-15 11:21:58 - mqtt_client - WARNING - ⚠️ Unexpected MQTT disconnection (code: 7), will auto-reconnect
2025-11-15 11:21:58 - mqtt_client - INFO - 📡 Subscribed to: nugateway/D83ADDE4A3E0/command/relay
2025-11-15 11:21:58 - mqtt_client - INFO - 📡 Subscribed to: nugateway/D83ADDE4A3E0/command/upload
2025-11-15 11:21:59 - mqtt_client - WARNING - ⚠️ Unexpected MQTT disconnection (code: 7), will auto-reconnect
2025-11-15 11:21:59 - mqtt_client - INFO - ✅ Connected to MQTT broker: broker.nuteknoloji.com:1883
2025-11-15 11:21:59 - mqtt_client - INFO - 📡 Subscribed to: nugateway/D83ADDE4A3E0/command/relay
2025-11-15 11:21:59 - mqtt_client - INFO - 📡 Subscribed to: nugateway/D83ADDE4A3E0/command/upload
2025-11-15 11:22:00 - mqtt_client - WARNING - ⚠️ Unexpected MQTT disconnection (code: 7), will auto-reconnect
2025-11-15 11:22:00 - mqtt_client - INFO - ✅ Connected to MQTT broker: broker.nuteknoloji.com:1883
2025-11-15 11:22:00 - mqtt_client - INFO - 📡 Subscribed to: nugateway/D83ADDE4A3E0/command/relay
2025-11-15 11:22:00 - mqtt_client - INFO - 📡 Subscribed to: nugateway/D83ADDE4A3E0/command/upload
2025-11-15 11:22:01 - mqtt_client - WARNING - ⚠️ Unexpected MQTT disconnection (code: 7), will auto-reconnect
2025-11-15 11:22:01 - mqtt_client - INFO - ✅ Connected to MQTT broker: broker.nuteknoloji.com:1883
2025-11-15 11:22:01 - mqtt_client - INFO - 📡 Subscribed to: nugateway/D83ADDE4A3E0/command/relay
2025-11-15 11:22:01 - mqtt_client - INFO - 📡 Subscribed to: nugateway/D83ADDE4A3E0/command/upload
2025-11-15 11:22:03 - mqtt_client - INFO - ✅ Connected to MQTT broker: broker.nuteknoloji.com:1883
2025-11-15 11:22:03 - mqtt_client - INFO - 📡 Subscribed to: nugateway/D83ADDE4A3E0/command/relay
2025-11-15 11:22:03 - mqtt_client - WARNING - ⚠️ Unexpected MQTT disconnection (code: 7), will auto-reconnect
2025-11-15 11:22:03 - mqtt_client - INFO - 📡 Subscribed to: nugateway/D83ADDE4A3E0/command/upload
2025-11-15 11:22:04 - mqtt_client - WARNING - ⚠️ Unexpected MQTT disconnection (code: 7), will auto-reconnect
2025-11-15 11:22:04 - mqtt_client - INFO - ✅ Connected to MQTT broker: broker.nuteknoloji.com:1883
2025-11-15 11:22:04 - mqtt_client - INFO - 📡 Subscribed to: nugateway/D83ADDE4A3E0/command/relay
2025-11-15 11:22:04 - mqtt_client - INFO - 📡 Subscribed to: nugateway/D83ADDE4A3E0/command/upload
2025-11-15 11:22:05 - mqtt_client - INFO - ✅ Connected to MQTT broker: broker.nuteknoloji.com:1883
2025-11-15 11:22:05 - mqtt_client - WARNING - ⚠️ Unexpected MQTT disconnection (code: 7), will auto-reconnect
2025-11-15 11:22:05 - mqtt_client - INFO - 📡 Subscribed to: nugateway/D83ADDE4A3E0/command/relay
2025-11-15 11:22:05 - mqtt_client - INFO - 📡 Subscribed to: nugateway/D83ADDE4A3E0/command/upload
2025-11-15 11:22:06 - mqtt_client - INFO - ✅ Connected to MQTT broker: broker.nuteknoloji.com:1883
2025-11-15 11:22:06 - mqtt_client - WARNING - ⚠️ Unexpected MQTT disconnection (code: 7), will auto-reconnect
2025-11-15 11:22:06 - mqtt_client - INFO - 📡 Subscribed to: nugateway/D83ADDE4A3E0/command/relay
2025-11-15 11:22:06 - mqtt_client - INFO - 📡 Subscribed to: nugateway/D83ADDE4A3E0/command/upload
2025-11-15 11:22:07 - mqtt_client - WARNING - ⚠️ Unexpected MQTT disconnection (code: 7), will auto-reconnect
2025-11-15 11:22:07 - mqtt_client - INFO - ✅ Connected to MQTT broker: broker.nuteknoloji.com:1883
2025-11-15 11:22:07 - mqtt_client - INFO - 📡 Subscribed to: nugateway/D83ADDE4A3E0/command/relay
2025-11-15 11:22:07 - mqtt_client - INFO - 📡 Subscribed to: nugateway/D83ADDE4A3E0/command/upload
2025-11-15 11:22:08 - mqtt_client - WARNING - ⚠️ Unexpected MQTT disconnection (code: 7), will auto-reconnect
2025-11-15 11:22:08 - mqtt_client - INFO - ✅ Connected to MQTT broker: broker.nuteknoloji.com:1883
2025-11-15 11:22:08 - mqtt_client - INFO - 📡 Subscribed to: nugateway/D83ADDE4A3E0/command/relay
2025-11-15 11:22:08 - mqtt_client - INFO - 📡 Subscribed to: nugateway/D83ADDE4A3E0/command/upload
2025-11-15 11:22:10 - mqtt_client - WARNING - ⚠️ Unexpected MQTT disconnection (code: 7), will auto-reconnect
2025-11-15 11:22:10 - mqtt_client - INFO - ✅ Connected to MQTT broker: broker.nuteknoloji.com:1883
2025-11-15 11:22:10 - mqtt_client - INFO - 📡 Subscribed to: nugateway/D83ADDE4A3E0/command/relay
2025-11-15 11:22:10 - mqtt_client - INFO - 📡 Subscribed to: nugateway/D83ADDE4A3E0/command/upload
2025-11-15 11:22:11 - mqtt_client - INFO - ✅ Connected to MQTT broker: broker.nuteknoloji.com:1883
2025-11-15 11:22:11 - mqtt_client - WARNING - ⚠️ Unexpected MQTT disconnection (code: 7), will auto-reconnect
2025-11-15 11:22:11 - mqtt_client - INFO - 📡 Subscribed to: nugateway/D83ADDE4A3E0/command/relay
2025-11-15 11:22:11 - mqtt_client - INFO - 📡 Subscribed to: nugateway/D83ADDE4A3E0/command/upload
2025-11-15 11:22:12 - mqtt_client - WARNING - ⚠️ Unexpected MQTT disconnection (code: 7), will auto-reconnect
2025-11-15 11:22:12 - mqtt_client - INFO - ✅ Connected to MQTT broker: broker.nuteknoloji.com:1883
2025-11-15 11:22:12 - mqtt_client - INFO - 📡 Subscribed to: nugateway/D83ADDE4A3E0/command/relay
2025-11-15 11:22:12 - mqtt_client - INFO - 📡 Subscribed to: nugateway/D83ADDE4A3E0/command/upload
2025-11-15 11:22:13 - mqtt_client - INFO - ✅ Connected to MQTT broker: broker.nuteknoloji.com:1883
2025-11-15 11:22:13 - mqtt_client - WARNING - ⚠️ Unexpected MQTT disconnection (code: 7), will auto-reconnect
2025-11-15 11:22:13 - mqtt_client - INFO - 📡 Subscribed to: nugateway/D83ADDE4A3E0/command/relay
2025-11-15 11:22:13 - mqtt_client - INFO - 📡 Subscribed to: nugateway/D83ADDE4A3E0/command/upload
2025-11-15 11:22:14 - mqtt_client - WARNING - ⚠️ Unexpected MQTT disconnection (code: 7), will auto-reconnect
2025-11-15 11:22:14 - mqtt_client - INFO - ✅ Connected to MQTT broker: broker.nuteknoloji.com:1883
2025-11-15 11:22:14 - mqtt_client - INFO - 📡 Subscribed to: nugateway/D83ADDE4A3E0/command/relay
2025-11-15 11:22:14 - mqtt_client - INFO - 📡 Subscribed to: nugateway/D83ADDE4A3E0/command/upload
2025-11-15 11:22:16 - mqtt_client - INFO - ✅ Connected to MQTT broker: broker.nuteknoloji.com:1883
2025-11-15 11:22:16 - mqtt_client - WARNING - ⚠️ Unexpected MQTT disconnection (code: 7), will auto-reconnect
2025-11-15 11:22:16 - mqtt_client - INFO - 📡 Subscribed to: nugateway/D83ADDE4A3E0/command/relay
2025-11-15 11:22:16 - mqtt_client - INFO - 📡 Subscribed to: nugateway/D83ADDE4A3E0/command/upload
2025-11-15 11:22:17 - mqtt_client - INFO - ✅ Connected to MQTT broker: broker.nuteknoloji.com:1883
2025-11-15 11:22:17 - mqtt_client - WARNING - ⚠️ Unexpected MQTT disconnection (code: 7), will auto-reconnect
2025-11-15 11:22:17 - mqtt_client - INFO - 📡 Subscribed to: nugateway/D83ADDE4A3E0/command/relay
2025-11-15 11:22:17 - mqtt_client - INFO - 📡 Subscribed to: nugateway/D83ADDE4A3E0/command/upload
2025-11-15 11:22:18 - mqtt_client - INFO - ✅ Connected to MQTT broker: broker.nuteknoloji.com:1883
2025-11-15 11:22:18 - mqtt_client - INFO - 📡 Subscribed to: nugateway/D83ADDE4A3E0/command/relay
2025-11-15 11:22:18 - mqtt_client - INFO - 📡 Subscribed to: nugateway/D83ADDE4A3E0/command/upload
2025-11-15 11:22:18 - mqtt_client - WARNING - ⚠️ Unexpected MQTT disconnection (code: 7), will auto-reconnect
2025-11-15 11:22:19 - mqtt_client - WARNING - ⚠️ Unexpected MQTT disconnection (code: 7), will auto-reconnect
2025-11-15 11:22:19 - mqtt_client - INFO - ✅ Connected to MQTT broker: broker.nuteknoloji.com:1883
2025-11-15 11:22:19 - mqtt_client - INFO - 📡 Subscribed to: nugateway/D83ADDE4A3E0/command/relay
2025-11-15 11:22:19 - mqtt_client - INFO - 📡 Subscribed to: nugateway/D83ADDE4A3E0/command/upload
2025-11-15 11:22:20 - mqtt_client - INFO - ✅ Connected to MQTT broker: broker.nuteknoloji.com:1883
2025-11-15 11:22:20 - mqtt_client - WARNING - ⚠️ Unexpected MQTT disconnection (code: 7), will auto-reconnect
2025-11-15 11:22:20 - mqtt_client - INFO - 📡 Subscribed to: nugateway/D83ADDE4A3E0/command/relay
2025-11-15 11:22:20 - mqtt_client - INFO - 📡 Subscribed to: nugateway/D83ADDE4A3E0/command/upload
2025-11-15 11:22:21 - mqtt_client - INFO - ✅ Connected to MQTT broker: broker.nuteknoloji.com:1883
2025-11-15 11:22:21 - mqtt_client - INFO - 📡 Subscribed to: nugateway/D83ADDE4A3E0/command/relay
2025-11-15 11:22:21 - mqtt_client - INFO - 📡 Subscribed to: nugateway/D83ADDE4A3E0/command/upload
2025-11-15 11:22:21 - mqtt_client - WARNING - ⚠️ Unexpected MQTT disconnection (code: 7), will auto-reconnect
2025-11-15 11:22:23 - mqtt_client - INFO - ✅ Connected to MQTT broker: broker.nuteknoloji.com:1883
2025-11-15 11:22:23 - mqtt_client - WARNING - ⚠️ Unexpected MQTT disconnection (code: 7), will auto-reconnect
2025-11-15 11:22:23 - mqtt_client - INFO - 📡 Subscribed to: nugateway/D83ADDE4A3E0/command/relay
2025-11-15 11:22:23 - mqtt_client - INFO - 📡 Subscribed to: nugateway/D83ADDE4A3E0/command/upload
2025-11-15 11:22:24 - mqtt_client - WARNING - ⚠️ Unexpected MQTT disconnection (code: 7), will auto-reconnect
2025-11-15 11:22:24 - mqtt_client - INFO - ✅ Connected to MQTT broker: broker.nuteknoloji.com:1883
2025-11-15 11:22:24 - mqtt_client - INFO - 📡 Subscribed to: nugateway/D83ADDE4A3E0/command/relay
2025-11-15 11:22:24 - mqtt_client - INFO - 📡 Subscribed to: nugateway/D83ADDE4A3E0/command/upload
2025-11-15 11:22:25 - mqtt_client - INFO - ✅ Connected to MQTT broker: broker.nuteknoloji.com:1883
2025-11-15 11:22:25 - mqtt_client - WARNING - ⚠️ Unexpected MQTT disconnection (code: 7), will auto-reconnect
2025-11-15 11:22:25 - mqtt_client - INFO - 📡 Subscribed to: nugateway/D83ADDE4A3E0/command/relay
2025-11-15 11:22:25 - mqtt_client - INFO - 📡 Subscribed to: nugateway/D83ADDE4A3E0/command/upload
2025-11-15 11:22:26 - mqtt_client - WARNING - ⚠️ Unexpected MQTT disconnection (code: 7), will auto-reconnect
2025-11-15 11:22:26 - mqtt_client - INFO - ✅ Connected to MQTT broker: broker.nuteknoloji.com:1883
2025-11-15 11:22:26 - mqtt_client - INFO - 📡 Subscribed to: nugateway/D83ADDE4A3E0/command/relay
2025-11-15 11:22:26 - mqtt_client - INFO - 📡 Subscribed to: nugateway/D83ADDE4A3E0/command/upload
2025-11-15 11:22:27 - mqtt_client - INFO - ✅ Connected to MQTT broker: broker.nuteknoloji.com:1883
2025-11-15 11:22:27 - mqtt_client - INFO - 📡 Subscribed to: nugateway/D83ADDE4A3E0/command/relay
2025-11-15 11:22:27 - mqtt_client - INFO - 📡 Subscribed to: nugateway/D83ADDE4A3E0/command/upload
2025-11-15 11:22:27 - mqtt_client - WARNING - ⚠️ Unexpected MQTT disconnection (code: 7), will auto-reconnect
2025-11-15 11:22:29 - mqtt_client - WARNING - ⚠️ Unexpected MQTT disconnection (code: 7), will auto-reconnect
2025-11-15 11:22:29 - mqtt_client - INFO - ✅ Connected to MQTT broker: broker.nuteknoloji.com:1883
2025-11-15 11:22:29 - mqtt_client - INFO - 📡 Subscribed to: nugateway/D83ADDE4A3E0/command/relay
2025-11-15 11:22:29 - mqtt_client - INFO - 📡 Subscribed to: nugateway/D83ADDE4A3E0/command/upload
2025-11-15 11:22:30 - mqtt_client - INFO - ✅ Connected to MQTT broker: broker.nuteknoloji.com:1883
2025-11-15 11:22:30 - mqtt_client - INFO - 📡 Subscribed to: nugateway/D83ADDE4A3E0/command/relay
2025-11-15 11:22:30 - mqtt_client - INFO - 📡 Subscribed to: nugateway/D83ADDE4A3E0/command/upload
2025-11-15 11:22:30 - mqtt_client - WARNING - ⚠️ Unexpected MQTT disconnection (code: 7), will auto-reconnect
2025-11-15 11:22:31 - mqtt_client - INFO - ✅ Connected to MQTT broker: broker.nuteknoloji.com:1883
2025-11-15 11:22:31 - mqtt_client - WARNING - ⚠️ Unexpected MQTT disconnection (code: 7), will auto-reconnect
2025-11-15 11:22:31 - mqtt_client - INFO - 📡 Subscribed to: nugateway/D83ADDE4A3E0/command/relay
2025-11-15 11:22:31 - mqtt_client - INFO - 📡 Subscribed to: nugateway/D83ADDE4A3E0/command/upload
2025-11-15 11:22:32 - mqtt_client - WARNING - ⚠️ Unexpected MQTT disconnection (code: 7), will auto-reconnect
2025-11-15 11:22:32 - mqtt_client - INFO - ✅ Connected to MQTT broker: broker.nuteknoloji.com:1883
2025-11-15 11:22:32 - mqtt_client - INFO - 📡 Subscribed to: nugateway/D83ADDE4A3E0/command/relay
2025-11-15 11:22:32 - mqtt_client - INFO - 📡 Subscribed to: nugateway/D83ADDE4A3E0/command/upload
2025-11-15 11:22:33 - mqtt_client - INFO - ✅ Connected to MQTT broker: broker.nuteknoloji.com:1883
2025-11-15 11:22:33 - mqtt_client - WARNING - ⚠️ Unexpected MQTT disconnection (code: 7), will auto-reconnect
2025-11-15 11:22:33 - mqtt_client - INFO - 📡 Subscribed to: nugateway/D83ADDE4A3E0/command/relay
2025-11-15 11:22:33 - mqtt_client - INFO - 📡 Subscribed to: nugateway/D83ADDE4A3E0/command/upload
2025-11-15 11:22:34 - mqtt_client - WARNING - ⚠️ Unexpected MQTT disconnection (code: 7), will auto-reconnect
2025-11-15 11:22:34 - mqtt_client - INFO - ✅ Connected to MQTT broker: broker.nuteknoloji.com:1883
2025-11-15 11:22:34 - mqtt_client - INFO - 📡 Subscribed to: nugateway/D83ADDE4A3E0/command/relay
2025-11-15 11:22:34 - mqtt_client - INFO - 📡 Subscribed to: nugateway/D83ADDE4A3E0/command/upload
2025-11-15 11:22:36 - mqtt_client - WARNING - ⚠️ Unexpected MQTT disconnection (code: 7), will auto-reconnect
2025-11-15 11:22:36 - mqtt_client - INFO - ✅ Connected to MQTT broker: broker.nuteknoloji.com:1883
2025-11-15 11:22:36 - mqtt_client - INFO - 📡 Subscribed to: nugateway/D83ADDE4A3E0/command/relay
2025-11-15 11:22:36 - mqtt_client - INFO - 📡 Subscribed to: nugateway/D83ADDE4A3E0/command/upload
2025-11-15 11:22:37 - mqtt_client - INFO - ✅ Connected to MQTT broker: broker.nuteknoloji.com:1883
2025-11-15 11:22:37 - mqtt_client - WARNING - ⚠️ Unexpected MQTT disconnection (code: 7), will auto-reconnect
2025-11-15 11:22:37 - mqtt_client - INFO - 📡 Subscribed to: nugateway/D83ADDE4A3E0/command/relay
2025-11-15 11:22:37 - mqtt_client - INFO - 📡 Subscribed to: nugateway/D83ADDE4A3E0/command/upload
2025-11-15 11:22:38 - mqtt_client - INFO - ✅ Connected to MQTT broker: broker.nuteknoloji.com:1883
2025-11-15 11:22:38 - mqtt_client - WARNING - ⚠️ Unexpected MQTT disconnection (code: 7), will auto-reconnect
2025-11-15 11:22:38 - mqtt_client - INFO - 📡 Subscribed to: nugateway/D83ADDE4A3E0/command/relay
2025-11-15 11:22:38 - mqtt_client - INFO - 📡 Subscribed to: nugateway/D83ADDE4A3E0/command/upload
2025-11-15 11:22:39 - mqtt_client - WARNING - ⚠️ Unexpected MQTT disconnection (code: 7), will auto-reconnect
2025-11-15 11:22:39 - mqtt_client - INFO - ✅ Connected to MQTT broker: broker.nuteknoloji.com:1883
2025-11-15 11:22:39 - mqtt_client - INFO - 📡 Subscribed to: nugateway/D83ADDE4A3E0/command/relay
2025-11-15 11:22:39 - mqtt_client - INFO - 📡 Subscribed to: nugateway/D83ADDE4A3E0/command/upload
2025-11-15 11:22:40 - mqtt_client - WARNING - ⚠️ Unexpected MQTT disconnection (code: 7), will auto-reconnect
2025-11-15 11:22:40 - mqtt_client - INFO - ✅ Connected to MQTT broker: broker.nuteknoloji.com:1883
2025-11-15 11:22:40 - mqtt_client - INFO - 📡 Subscribed to: nugateway/D83ADDE4A3E0/command/relay
2025-11-15 11:22:40 - mqtt_client - INFO - 📡 Subscribed to: nugateway/D83ADDE4A3E0/command/upload
2025-11-15 11:22:42 - mqtt_client - INFO - ✅ Connected to MQTT broker: broker.nuteknoloji.com:1883
2025-11-15 11:22:42 - mqtt_client - WARNING - ⚠️ Unexpected MQTT disconnection (code: 7), will auto-reconnect
2025-11-15 11:22:42 - mqtt_client - INFO - 📡 Subscribed to: nugateway/D83ADDE4A3E0/command/relay
2025-11-15 11:22:42 - mqtt_client - INFO - 📡 Subscribed to: nugateway/D83ADDE4A3E0/command/upload
2025-11-15 11:22:43 - mqtt_client - INFO - ✅ Connected to MQTT broker: broker.nuteknoloji.com:1883
2025-11-15 11:22:43 - mqtt_client - WARNING - ⚠️ Unexpected MQTT disconnection (code: 7), will auto-reconnect
2025-11-15 11:22:43 - mqtt_client - INFO - 📡 Subscribed to: nugateway/D83ADDE4A3E0/command/relay
2025-11-15 11:22:43 - mqtt_client - INFO - 📡 Subscribed to: nugateway/D83ADDE4A3E0/command/upload
2025-11-15 11:22:44 - mqtt_client - WARNING - ⚠️ Unexpected MQTT disconnection (code: 7), will auto-reconnect
2025-11-15 11:22:44 - mqtt_client - INFO - ✅ Connected to MQTT broker: broker.nuteknoloji.com:1883
2025-11-15 11:22:44 - mqtt_client - INFO - 📡 Subscribed to: nugateway/D83ADDE4A3E0/command/relay
2025-11-15 11:22:44 - mqtt_client - INFO - 📡 Subscribed to: nugateway/D83ADDE4A3E0/command/upload
2025-11-15 11:22:45 - mqtt_client - INFO - ✅ Connected to MQTT broker: broker.nuteknoloji.com:1883
2025-11-15 11:22:45 - mqtt_client - INFO - 📡 Subscribed to: nugateway/D83ADDE4A3E0/command/relay
2025-11-15 11:22:45 - mqtt_client - INFO - 📡 Subscribed to: nugateway/D83ADDE4A3E0/command/upload
2025-11-15 11:22:45 - mqtt_client - WARNING - ⚠️ Unexpected MQTT disconnection (code: 7), will auto-reconnect
2025-11-15 11:22:46 - mqtt_client - WARNING - ⚠️ Unexpected MQTT disconnection (code: 7), will auto-reconnect
2025-11-15 11:22:46 - mqtt_client - INFO - ✅ Connected to MQTT broker: broker.nuteknoloji.com:1883
2025-11-15 11:22:46 - mqtt_client - INFO - 📡 Subscribed to: nugateway/D83ADDE4A3E0/command/relay
2025-11-15 11:22:46 - mqtt_client - INFO - 📡 Subscribed to: nugateway/D83ADDE4A3E0/command/upload
2025-11-15 11:22:47 - mqtt_client - INFO - ✅ Connected to MQTT broker: broker.nuteknoloji.com:1883
2025-11-15 11:22:47 - mqtt_client - WARNING - ⚠️ Unexpected MQTT disconnection (code: 7), will auto-reconnect
2025-11-15 11:22:47 - mqtt_client - INFO - 📡 Subscribed to: nugateway/D83ADDE4A3E0/command/relay
2025-11-15 11:22:47 - mqtt_client - INFO - 📡 Subscribed to: nugateway/D83ADDE4A3E0/command/upload
2025-11-15 11:22:49 - mqtt_client - WARNING - ⚠️ Unexpected MQTT disconnection (code: 7), will auto-reconnect
2025-11-15 11:22:49 - mqtt_client - INFO - ✅ Connected to MQTT broker: broker.nuteknoloji.com:1883
2025-11-15 11:22:49 - mqtt_client - INFO - 📡 Subscribed to: nugateway/D83ADDE4A3E0/command/relay
2025-11-15 11:22:49 - mqtt_client - INFO - 📡 Subscribed to: nugateway/D83ADDE4A3E0/command/upload
2025-11-15 11:22:50 - mqtt_client - INFO - ✅ Connected to MQTT broker: broker.nuteknoloji.com:1883
2025-11-15 11:22:50 - mqtt_client - WARNING - ⚠️ Unexpected MQTT disconnection (code: 7), will auto-reconnect
2025-11-15 11:22:50 - mqtt_client - INFO - 📡 Subscribed to: nugateway/D83ADDE4A3E0/command/relay
2025-11-15 11:22:50 - mqtt_client - INFO - 📡 Subscribed to: nugateway/D83ADDE4A3E0/command/upload
2025-11-15 11:22:51 - mqtt_client - INFO - ✅ Connected to MQTT broker: broker.nuteknoloji.com:1883
2025-11-15 11:22:51 - mqtt_client - WARNING - ⚠️ Unexpected MQTT disconnection (code: 7), will auto-reconnect
2025-11-15 11:22:51 - mqtt_client - INFO - 📡 Subscribed to: nugateway/D83ADDE4A3E0/command/relay
2025-11-15 11:22:51 - mqtt_client - INFO - 📡 Subscribed to: nugateway/D83ADDE4A3E0/command/upload
2025-11-15 11:22:52 - mqtt_client - WARNING - ⚠️ Unexpected MQTT disconnection (code: 7), will auto-reconnect
2025-11-15 11:22:52 - mqtt_client - INFO - ✅ Connected to MQTT broker: broker.nuteknoloji.com:1883
2025-11-15 11:22:52 - mqtt_client - INFO - 📡 Subscribed to: nugateway/D83ADDE4A3E0/command/relay
2025-11-15 11:22:52 - mqtt_client - INFO - 📡 Subscribed to: nugateway/D83ADDE4A3E0/command/upload
2025-11-15 11:22:53 - mqtt_client - INFO - ✅ Connected to MQTT broker: broker.nuteknoloji.com:1883
2025-11-15 11:22:53 - mqtt_client - WARNING - ⚠️ Unexpected MQTT disconnection (code: 7), will auto-reconnect
2025-11-15 11:22:53 - mqtt_client - INFO - 📡 Subscribed to: nugateway/D83ADDE4A3E0/command/relay
2025-11-15 11:22:53 - mqtt_client - INFO - 📡 Subscribed to: nugateway/D83ADDE4A3E0/command/upload
2025-11-15 11:22:55 - mqtt_client - WARNING - ⚠️ Unexpected MQTT disconnection (code: 7), will auto-reconnect
2025-11-15 11:22:55 - mqtt_client - INFO - ✅ Connected to MQTT broker: broker.nuteknoloji.com:1883
2025-11-15 11:22:55 - mqtt_client - INFO - 📡 Subscribed to: nugateway/D83ADDE4A3E0/command/relay
2025-11-15 11:22:55 - mqtt_client - INFO - 📡 Subscribed to: nugateway/D83ADDE4A3E0/command/upload
2025-11-15 11:22:56 - mqtt_client - INFO - ✅ Connected to MQTT broker: broker.nuteknoloji.com:1883
2025-11-15 11:22:56 - mqtt_client - WARNING - ⚠️ Unexpected MQTT disconnection (code: 7), will auto-reconnect
2025-11-15 11:22:56 - mqtt_client - INFO - 📡 Subscribed to: nugateway/D83ADDE4A3E0/command/relay
2025-11-15 11:22:56 - mqtt_client - INFO - 📡 Subscribed to: nugateway/D83ADDE4A3E0/command/upload
2025-11-15 11:22:57 - mqtt_client - WARNING - ⚠️ Unexpected MQTT disconnection (code: 7), will auto-reconnect
2025-11-15 11:22:57 - mqtt_client - INFO - ✅ Connected to MQTT broker: broker.nuteknoloji.com:1883
2025-11-15 11:22:57 - mqtt_client - INFO - 📡 Subscribed to: nugateway/D83ADDE4A3E0/command/relay
2025-11-15 11:22:57 - mqtt_client - INFO - 📡 Subscribed to: nugateway/D83ADDE4A3E0/command/upload
2025-11-15 11:22:58 - mqtt_client - INFO - ✅ Connected to MQTT broker: broker.nuteknoloji.com:1883
2025-11-15 11:22:58 - mqtt_client - WARNING - ⚠️ Unexpected MQTT disconnection (code: 7), will auto-reconnect
2025-11-15 11:22:58 - mqtt_client - INFO - 📡 Subscribed to: nugateway/D83ADDE4A3E0/command/relay
2025-11-15 11:22:58 - mqtt_client - INFO - 📡 Subscribed to: nugateway/D83ADDE4A3E0/command/upload
2025-11-15 11:22:59 - mqtt_client - WARNING - ⚠️ Unexpected MQTT disconnection (code: 7), will auto-reconnect
2025-11-15 11:22:59 - mqtt_client - INFO - ✅ Connected to MQTT broker: broker.nuteknoloji.com:1883
2025-11-15 11:22:59 - mqtt_client - INFO - 📡 Subscribed to: nugateway/D83ADDE4A3E0/command/relay
2025-11-15 11:22:59 - mqtt_client - INFO - 📡 Subscribed to: nugateway/D83ADDE4A3E0/command/upload
2025-11-15 11:23:00 - mqtt_client - WARNING - ⚠️ Unexpected MQTT disconnection (code: 7), will auto-reconnect
2025-11-15 11:23:00 - mqtt_client - INFO - ✅ Connected to MQTT broker: broker.nuteknoloji.com:1883
2025-11-15 11:23:00 - mqtt_client - INFO - 📡 Subscribed to: nugateway/D83ADDE4A3E0/command/relay
2025-11-15 11:23:00 - mqtt_client - INFO - 📡 Subscribed to: nugateway/D83ADDE4A3E0/command/upload
2025-11-15 11:23:02 - mqtt_client - INFO - ✅ Connected to MQTT broker: broker.nuteknoloji.com:1883
2025-11-15 11:23:02 - mqtt_client - WARNING - ⚠️ Unexpected MQTT disconnection (code: 7), will auto-reconnect
2025-11-15 11:23:02 - mqtt_client - INFO - 📡 Subscribed to: nugateway/D83ADDE4A3E0/command/relay
2025-11-15 11:23:02 - mqtt_client - INFO - 📡 Subscribed to: nugateway/D83ADDE4A3E0/command/upload
2025-11-15 11:23:03 - mqtt_client - WARNING - ⚠️ Unexpected MQTT disconnection (code: 7), will auto-reconnect
2025-11-15 11:23:03 - mqtt_client - INFO - ✅ Connected to MQTT broker: broker.nuteknoloji.com:1883
2025-11-15 11:23:03 - mqtt_client - INFO - 📡 Subscribed to: nugateway/D83ADDE4A3E0/command/relay
2025-11-15 11:23:03 - mqtt_client - INFO - 📡 Subscribed to: nugateway/D83ADDE4A3E0/command/upload
2025-11-15 11:23:04 - mqtt_client - INFO - ✅ Connected to MQTT broker: broker.nuteknoloji.com:1883
2025-11-15 11:23:04 - mqtt_client - WARNING - ⚠️ Unexpected MQTT disconnection (code: 7), will auto-reconnect
2025-11-15 11:23:04 - mqtt_client - INFO - 📡 Subscribed to: nugateway/D83ADDE4A3E0/command/relay
2025-11-15 11:23:04 - mqtt_client - INFO - 📡 Subscribed to: nugateway/D83ADDE4A3E0/command/upload
2025-11-15 11:23:05 - mqtt_client - WARNING - ⚠️ Unexpected MQTT disconnection (code: 7), will auto-reconnect
2025-11-15 11:23:05 - mqtt_client - INFO - ✅ Connected to MQTT broker: broker.nuteknoloji.com:1883
2025-11-15 11:23:05 - mqtt_client - INFO - 📡 Subscribed to: nugateway/D83ADDE4A3E0/command/relay
2025-11-15 11:23:05 - mqtt_client - INFO - 📡 Subscribed to: nugateway/D83ADDE4A3E0/command/upload
2025-11-15 11:23:06 - mqtt_client - INFO - ✅ Connected to MQTT broker: broker.nuteknoloji.com:1883
2025-11-15 11:23:06 - mqtt_client - WARNING - ⚠️ Unexpected MQTT disconnection (code: 7), will auto-reconnect
2025-11-15 11:23:06 - mqtt_client - INFO - 📡 Subscribed to: nugateway/D83ADDE4A3E0/command/relay
2025-11-15 11:23:06 - mqtt_client - INFO - 📡 Subscribed to: nugateway/D83ADDE4A3E0/command/upload
2025-11-15 11:23:08 - mqtt_client - WARNING - ⚠️ Unexpected MQTT disconnection (code: 7), will auto-reconnect
2025-11-15 11:23:08 - mqtt_client - INFO - ✅ Connected to MQTT broker: broker.nuteknoloji.com:1883
2025-11-15 11:23:08 - mqtt_client - INFO - 📡 Subscribed to: nugateway/D83ADDE4A3E0/command/relay
2025-11-15 11:23:08 - mqtt_client - INFO - 📡 Subscribed to: nugateway/D83ADDE4A3E0/command/upload
2025-11-15 11:23:09 - mqtt_client - WARNING - ⚠️ Unexpected MQTT disconnection (code: 7), will auto-reconnect
2025-11-15 11:23:09 - mqtt_client - INFO - ✅ Connected to MQTT broker: broker.nuteknoloji.com:1883
2025-11-15 11:23:09 - mqtt_client - INFO - 📡 Subscribed to: nugateway/D83ADDE4A3E0/command/relay
2025-11-15 11:23:09 - mqtt_client - INFO - 📡 Subscribed to: nugateway/D83ADDE4A3E0/command/upload
2025-11-15 11:23:10 - mqtt_client - INFO - ✅ Connected to MQTT broker: broker.nuteknoloji.com:1883
2025-11-15 11:23:10 - mqtt_client - WARNING - ⚠️ Unexpected MQTT disconnection (code: 7), will auto-reconnect
2025-11-15 11:23:10 - mqtt_client - INFO - 📡 Subscribed to: nugateway/D83ADDE4A3E0/command/relay
2025-11-15 11:23:10 - mqtt_client - INFO - 📡 Subscribed to: nugateway/D83ADDE4A3E0/command/upload
2025-11-15 11:23:11 - mqtt_client - INFO - ✅ Connected to MQTT broker: broker.nuteknoloji.com:1883
2025-11-15 11:23:11 - mqtt_client - INFO - 📡 Subscribed to: nugateway/D83ADDE4A3E0/command/relay
2025-11-15 11:23:11 - mqtt_client - INFO - 📡 Subscribed to: nugateway/D83ADDE4A3E0/command/upload
2025-11-15 11:23:11 - mqtt_client - WARNING - ⚠️ Unexpected MQTT disconnection (code: 7), will auto-reconnect
2025-11-15 11:23:12 - mqtt_client - WARNING - ⚠️ Unexpected MQTT disconnection (code: 7), will auto-reconnect
2025-11-15 11:23:12 - mqtt_client - INFO - ✅ Connected to MQTT broker: broker.nuteknoloji.com:1883
2025-11-15 11:23:12 - mqtt_client - INFO - 📡 Subscribed to: nugateway/D83ADDE4A3E0/command/relay
2025-11-15 11:23:12 - mqtt_client - INFO - 📡 Subscribed to: nugateway/D83ADDE4A3E0/command/upload
2025-11-15 11:23:13 - mqtt_client - INFO - ✅ Connected to MQTT broker: broker.nuteknoloji.com:1883
2025-11-15 11:23:13 - mqtt_client - WARNING - ⚠️ Unexpected MQTT disconnection (code: 7), will auto-reconnect
2025-11-15 11:23:13 - mqtt_client - INFO - 📡 Subscribed to: nugateway/D83ADDE4A3E0/command/relay
2025-11-15 11:23:13 - mqtt_client - INFO - 📡 Subscribed to: nugateway/D83ADDE4A3E0/command/upload
2025-11-15 11:23:15 - mqtt_client - WARNING - ⚠️ Unexpected MQTT disconnection (code: 7), will auto-reconnect
2025-11-15 11:23:15 - mqtt_client - INFO - ✅ Connected to MQTT broker: broker.nuteknoloji.com:1883
2025-11-15 11:23:15 - mqtt_client - INFO - 📡 Subscribed to: nugateway/D83ADDE4A3E0/command/relay
2025-11-15 11:23:15 - mqtt_client - INFO - 📡 Subscribed to: nugateway/D83ADDE4A3E0/command/upload
2025-11-15 11:23:16 - mqtt_client - WARNING - ⚠️ Unexpected MQTT disconnection (code: 7), will auto-reconnect
2025-11-15 11:23:16 - mqtt_client - INFO - ✅ Connected to MQTT broker: broker.nuteknoloji.com:1883
2025-11-15 11:23:16 - mqtt_client - INFO - 📡 Subscribed to: nugateway/D83ADDE4A3E0/command/relay
2025-11-15 11:23:16 - mqtt_client - INFO - 📡 Subscribed to: nugateway/D83ADDE4A3E0/command/upload
2025-11-15 11:23:17 - mqtt_client - WARNING - ⚠️ Unexpected MQTT disconnection (code: 7), will auto-reconnect
2025-11-15 11:23:17 - mqtt_client - INFO - ✅ Connected to MQTT broker: broker.nuteknoloji.com:1883
2025-11-15 11:23:17 - mqtt_client - INFO - 📡 Subscribed to: nugateway/D83ADDE4A3E0/command/relay
2025-11-15 11:23:17 - mqtt_client - INFO - 📡 Subscribed to: nugateway/D83ADDE4A3E0/command/upload
2025-11-15 11:23:18 - mqtt_client - WARNING - ⚠️ Unexpected MQTT disconnection (code: 7), will auto-reconnect
2025-11-15 11:23:18 - mqtt_client - INFO - ✅ Connected to MQTT broker: broker.nuteknoloji.com:1883
2025-11-15 11:23:18 - mqtt_client - INFO - 📡 Subscribed to: nugateway/D83ADDE4A3E0/command/relay
2025-11-15 11:23:18 - mqtt_client - INFO - 📡 Subscribed to: nugateway/D83ADDE4A3E0/command/upload
2025-11-15 11:23:19 - mqtt_client - INFO - ✅ Connected to MQTT broker: broker.nuteknoloji.com:1883
2025-11-15 11:23:19 - mqtt_client - WARNING - ⚠️ Unexpected MQTT disconnection (code: 7), will auto-reconnect
2025-11-15 11:23:19 - mqtt_client - INFO - 📡 Subscribed to: nugateway/D83ADDE4A3E0/command/relay
2025-11-15 11:23:19 - mqtt_client - INFO - 📡 Subscribed to: nugateway/D83ADDE4A3E0/command/upload
2025-11-15 11:23:20 - __main__ - INFO - 
⚠️  Signal received, shutting down...
2025-11-15 11:23:21 - mqtt_client - INFO - ✅ Connected to MQTT broker: broker.nuteknoloji.com:1883
2025-11-15 11:23:21 - mqtt_client - WARNING - ⚠️ Unexpected MQTT disconnection (code: 7), will auto-reconnect
2025-11-15 11:23:21 - mqtt_client - INFO - 📡 Subscribed to: nugateway/D83ADDE4A3E0/command/relay
2025-11-15 11:23:21 - mqtt_client - INFO - 📡 Subscribed to: nugateway/D83ADDE4A3E0/command/upload
2025-11-15 11:23:21 - __main__ - INFO - 🔄 Shutting down...
2025-11-15 11:23:22 - mqtt_client - INFO - ✅ Connected to MQTT broker: broker.nuteknoloji.com:1883
2025-11-15 11:23:22 - mqtt_client - INFO - 📡 Subscribed to: nugateway/D83ADDE4A3E0/command/relay
2025-11-15 11:23:22 - mqtt_client - INFO - 📡 Subscribed to: nugateway/D83ADDE4A3E0/command/upload
2025-11-15 11:23:22 - mqtt_client - WARNING - ⚠️ Unexpected MQTT disconnection (code: 7), will auto-reconnect
2025-11-15 11:23:22 - mqtt_client - INFO - Disconnected from MQTT broker
2025-11-15 11:23:22 - __main__ - INFO - ✅ MQTT client disconnected
2025-11-15 11:23:22 - modbus_reader - INFO - ðŸ”Œ Serial port closed
2025-11-15 11:23:22 - __main__ - INFO - ✅ Modbus reader disconnected
2025-11-15 11:23:22 - relay_control - INFO - All relays turned OFF
2025-11-15 11:23:22 - __main__ - INFO - ✅ All relays turned OFF
2025-11-15 11:23:22 - __main__ - INFO - ============================================================
2025-11-15 11:23:22 - __main__ - INFO - 👋 NuGateway stopped
2025-11-15 11:23:22 - __main__ - INFO - ============================================================
2025-11-15 11:23:29 - __main__ - INFO - 
⚠️  Signal received, shutting down...
2025-11-15 11:23:30 - __main__ - INFO - 🔄 Shutting down...
2025-11-15 11:23:31 - mqtt_client - INFO - 📴 Disconnected from MQTT broker
2025-11-15 11:23:31 - mqtt_client - INFO - Disconnected from MQTT broker
2025-11-15 11:23:31 - __main__ - INFO - ✅ MQTT client disconnected
2025-11-15 11:23:31 - modbus_reader - INFO - ðŸ”Œ Serial port closed
2025-11-15 11:23:31 - __main__ - INFO - ✅ Modbus reader disconnected
2025-11-15 11:23:31 - relay_control - INFO - All relays turned OFF
2025-11-15 11:23:31 - __main__ - INFO - ✅ All relays turned OFF
2025-11-15 11:23:31 - __main__ - INFO - ============================================================
2025-11-15 11:23:31 - __main__ - INFO - 👋 NuGateway stopped
2025-11-15 11:23:31 - __main__ - INFO - ============================================================
2025-11-15 11:24:38 - __main__ - INFO - ============================================================
2025-11-15 11:24:38 - __main__ - INFO - 🚀 NuGateway MQTT Service
2025-11-15 11:24:38 - __main__ - INFO - ============================================================
2025-11-15 11:24:38 - __main__ - INFO - Serial Port: /dev/ttyUSB0
2025-11-15 11:24:38 - __main__ - INFO - Baud Rate: 9600
2025-11-15 11:24:38 - __main__ - INFO - MQTT Broker: broker.nuteknoloji.com:1883
2025-11-15 11:24:38 - __main__ - INFO - Publish Interval: 300 seconds (5 minutes)
2025-11-15 11:24:38 - __main__ - INFO - ============================================================
2025-11-15 11:24:38 - __main__ - INFO - 🔧 Initializing Modbus reader...
2025-11-15 11:24:38 - modbus_reader - INFO - âœ… Connected to /dev/ttyUSB0 at 9600 baud
2025-11-15 11:24:38 - __main__ - INFO - ✅ Modbus reader connected
2025-11-15 11:24:38 - __main__ - INFO - 🔧 Initializing MQTT client...
2025-11-15 11:24:38 - mqtt_client - INFO - Device MAC address: D8:3A:DD:E4:A3:E0
2025-11-15 11:24:38 - mqtt_client - INFO - MQTT client initialized for device: D83ADDE4A3E0
2025-11-15 11:24:38 - mqtt_client - INFO - Broker: broker.nuteknoloji.com:1883
2025-11-15 11:24:38 - mqtt_client - INFO - Connecting to MQTT broker: broker.nuteknoloji.com:1883
2025-11-15 11:24:38 - mqtt_client - INFO - ✅ Connected to MQTT broker: broker.nuteknoloji.com:1883
2025-11-15 11:24:38 - mqtt_client - INFO - 📡 Subscribed to: nugateway/D83ADDE4A3E0/command/relay
2025-11-15 11:24:38 - mqtt_client - INFO - 📡 Subscribed to: nugateway/D83ADDE4A3E0/command/upload
2025-11-15 11:24:38 - __main__ - INFO - ✅ MQTT client connected
2025-11-15 11:24:38 - __main__ - INFO - 📡 Publishing to: nugateway/D83ADDE4A3E0/telemetry
2025-11-15 11:24:38 - __main__ - INFO - 📡 Listening on: nugateway/D83ADDE4A3E0/command/relay
2025-11-15 11:24:38 - __main__ - INFO - ============================================================
2025-11-15 11:24:38 - __main__ - INFO - 🚀 Starting main loop...
2025-11-15 11:24:38 - __main__ - INFO - ⏱️  Will publish every 300 seconds
2025-11-15 11:24:38 - __main__ - INFO -    Press Ctrl+C to stop
2025-11-15 11:24:38 - __main__ - INFO - ============================================================
2025-11-15 11:24:38 - __main__ - INFO - ============================================================
2025-11-15 11:24:38 - __main__ - INFO - 📡 Reading Modbus devices... [11:24:38]
2025-11-15 11:24:38 - modbus_reader - INFO - ðŸ“Š Reading MPPT...
2025-11-15 11:24:41 - modbus_reader - INFO -    âœ“ PV: 22.8V, 0.59A, 896532.48W
2025-11-15 11:24:41 - modbus_reader - INFO -    âœ“ Battery: 14.31V, SOC: 99%
2025-11-15 11:24:42 - modbus_reader - INFO - ðŸŒ¡ï¸  Reading ENV sensor...
2025-11-15 11:24:43 - modbus_reader - INFO -    âœ“ Temp: 1.0Â°C, Humidity: 60.0%
2025-11-15 11:24:43 - modbus_reader - INFO -    âœ“ CO2: 1.0 ppm
2025-11-15 11:24:43 - modbus_reader - INFO - ðŸ’¡ Reading LDR...
2025-11-15 11:24:43 - modbus_reader - INFO -    âœ“ Light: 62741 lux (Bright)
2025-11-15 11:24:44 - modbus_reader - INFO - ðŸ”‹ Reading BMS...
2025-11-15 11:24:45 - modbus_reader - ERROR - BMS: Incomplete response
2025-11-15 11:24:45 - modbus_reader - WARNING -    âš ï¸  BMS read failed
2025-11-15 11:24:45 - modbus_reader - INFO - ðŸ‘ï¸  Reading PIR...
2025-11-15 11:24:46 - modbus_reader - WARNING - No response from slave 02
2025-11-15 11:24:46 - modbus_reader - WARNING -    âš ï¸  PIR read failed
2025-11-15 11:24:46 - __main__ - INFO - ✅ Read 26 parameters from Modbus devices
2025-11-15 11:24:46 - mqtt_client - INFO - ✅ Telemetry published to nugateway/D83ADDE4A3E0/telemetry
2025-11-15 11:24:46 - __main__ - INFO - ✅ Telemetry published to MQTT broker
2025-11-15 11:24:46 - __main__ - INFO - ⏱️  Next publish in 292 seconds
2025-11-15 11:29:39 - __main__ - INFO - ============================================================
2025-11-15 11:29:39 - __main__ - INFO - 📡 Reading Modbus devices... [11:29:39]
2025-11-15 11:29:39 - modbus_reader - INFO - ðŸ“Š Reading MPPT...
2025-11-15 11:29:42 - modbus_reader - INFO -    âœ“ PV: 21.5V, 3.7A, 5072486.4W
2025-11-15 11:29:42 - modbus_reader - INFO -    âœ“ Battery: 14.64V, SOC: 99%
2025-11-15 11:29:43 - modbus_reader - INFO - ðŸŒ¡ï¸  Reading ENV sensor...
2025-11-15 11:29:44 - modbus_reader - INFO -    âœ“ Temp: 1.0Â°C, Humidity: 60.0%
2025-11-15 11:29:44 - modbus_reader - INFO -    âœ“ CO2: 1.0 ppm
2025-11-15 11:29:44 - modbus_reader - INFO - ðŸ’¡ Reading LDR...
2025-11-15 11:29:44 - modbus_reader - INFO -    âœ“ Light: 63354 lux (Bright)
2025-11-15 11:29:44 - modbus_reader - INFO - ðŸ”‹ Reading BMS...
2025-11-15 11:29:46 - modbus_reader - ERROR - BMS: Incomplete response
2025-11-15 11:29:46 - modbus_reader - WARNING -    âš ï¸  BMS read failed
2025-11-15 11:29:46 - modbus_reader - INFO - ðŸ‘ï¸  Reading PIR...
2025-11-15 11:29:47 - modbus_reader - WARNING - No response from slave 02
2025-11-15 11:29:47 - modbus_reader - WARNING -    âš ï¸  PIR read failed
2025-11-15 11:29:47 - __main__ - INFO - ✅ Read 26 parameters from Modbus devices
2025-11-15 11:29:47 - mqtt_client - INFO - ✅ Telemetry published to nugateway/D83ADDE4A3E0/telemetry
2025-11-15 11:29:47 - __main__ - INFO - ✅ Telemetry published to MQTT broker
2025-11-15 11:29:47 - __main__ - INFO - ⏱️  Next publish in 292 seconds
2025-11-15 11:30:58 - __main__ - INFO - 
⚠️  Signal received, shutting down...
2025-11-15 11:30:58 - __main__ - INFO - 🔄 Shutting down...
2025-11-15 11:30:59 - mqtt_client - INFO - 📴 Disconnected from MQTT broker
2025-11-15 11:30:59 - mqtt_client - INFO - Disconnected from MQTT broker
2025-11-15 11:30:59 - __main__ - INFO - ✅ MQTT client disconnected
2025-11-15 11:30:59 - modbus_reader - INFO - ðŸ”Œ Serial port closed
2025-11-15 11:30:59 - __main__ - INFO - ✅ Modbus reader disconnected
2025-11-15 11:30:59 - relay_control - INFO - All relays turned OFF
2025-11-15 11:30:59 - __main__ - INFO - ✅ All relays turned OFF
2025-11-15 11:30:59 - __main__ - INFO - ============================================================
2025-11-15 11:30:59 - __main__ - INFO - 👋 NuGateway stopped
2025-11-15 11:30:59 - __main__ - INFO - ============================================================
2025-11-15 12:16:05 - __main__ - INFO - ============================================================
2025-11-15 12:16:05 - __main__ - INFO - 🚀 NuGateway MQTT Service
2025-11-15 12:16:05 - __main__ - INFO - ============================================================
2025-11-15 12:16:05 - __main__ - INFO - Serial Port: /dev/ttyUSB0
2025-11-15 12:16:05 - __main__ - INFO - Baud Rate: 9600
2025-11-15 12:16:05 - __main__ - INFO - MQTT Broker: broker.nuteknoloji.com:1883
2025-11-15 12:16:05 - __main__ - INFO - Publish Interval: 300 seconds (5 minutes)
2025-11-15 12:16:05 - __main__ - INFO - ============================================================
2025-11-15 12:16:05 - __main__ - INFO - 🔧 Initializing Modbus reader...
2025-11-15 12:16:05 - modbus_reader - INFO - ✅ Connected to /dev/ttyUSB0 at 9600 baud
2025-11-15 12:16:05 - __main__ - INFO - ✅ Modbus reader connected
2025-11-15 12:16:05 - __main__ - INFO - 🔧 Initializing MQTT client...
2025-11-15 12:16:05 - mqtt_client - INFO - Device MAC address: D8:3A:DD:E4:A3:E0
2025-11-15 12:16:05 - mqtt_client - INFO - MQTT client initialized for device: D83ADDE4A3E0
2025-11-15 12:16:05 - mqtt_client - INFO - Broker: broker.nuteknoloji.com:1883
2025-11-15 12:16:05 - mqtt_client - INFO - Connecting to MQTT broker: broker.nuteknoloji.com:1883
2025-11-15 12:16:05 - mqtt_client - INFO - ✅ Connected to MQTT broker: broker.nuteknoloji.com:1883
2025-11-15 12:16:05 - mqtt_client - INFO - 📡 Subscribed to: nugateway/D83ADDE4A3E0/command/relay
2025-11-15 12:16:05 - mqtt_client - INFO - 📡 Subscribed to: nugateway/D83ADDE4A3E0/command/upload
2025-11-15 12:16:05 - __main__ - INFO - ✅ MQTT client connected
2025-11-15 12:16:05 - __main__ - INFO - 📡 Publishing to: nugateway/D83ADDE4A3E0/telemetry
2025-11-15 12:16:05 - __main__ - INFO - 📡 Listening on: nugateway/D83ADDE4A3E0/command/relay
2025-11-15 12:16:05 - __main__ - INFO - ============================================================
2025-11-15 12:16:05 - __main__ - INFO - 🚀 Starting main loop...
2025-11-15 12:16:05 - __main__ - INFO - ⏱️  Will publish every 300 seconds
2025-11-15 12:16:05 - __main__ - INFO -    Press Ctrl+C to stop
2025-11-15 12:16:05 - __main__ - INFO - ============================================================
2025-11-15 12:16:05 - __main__ - INFO - ============================================================
2025-11-15 12:16:05 - __main__ - INFO - 📡 Reading Modbus devices... [12:16:05]
2025-11-15 12:16:05 - modbus_reader - INFO - 📊 Reading MPPT...
2025-11-15 12:16:06 - modbus_reader - WARNING - No response from slave 01
2025-11-15 12:16:07 - modbus_reader - INFO -    ✓ PV: 0V, 0.0A, 0W
2025-11-15 12:16:07 - modbus_reader - INFO -    ✓ Battery: 13.69V, SOC: 99%
2025-11-15 12:16:07 - modbus_reader - INFO - 🌡️  Reading ENV sensor...
2025-11-15 12:16:08 - modbus_reader - INFO -    ✓ Temp: 40.1°C, Humidity: 21.1%
2025-11-15 12:16:08 - modbus_reader - INFO -    ✓ CO2: 557.0 ppm
2025-11-15 12:16:08 - modbus_reader - INFO - 💡 Reading LDR...
2025-11-15 12:16:08 - modbus_reader - INFO -    ✓ Light: 73578 lux (Bright)
2025-11-15 12:16:08 - modbus_reader - INFO - 🔋 Reading BMS...
2025-11-15 12:16:08 - modbus_reader - INFO - 🔋 Reading BMS...
2025-11-15 12:16:10 - modbus_reader - INFO -    ✓ Cell count: 4
2025-11-15 12:16:13 - modbus_reader - INFO -    ✓ Cell 1: 3.436V
2025-11-15 12:16:13 - modbus_reader - INFO -    ✓ Cell 2: 3.442V
2025-11-15 12:16:13 - modbus_reader - INFO -    ✓ Cell 3: 3.448V
2025-11-15 12:16:13 - modbus_reader - INFO -    ✓ Cell 4: 3.417V
2025-11-15 12:16:13 - modbus_reader - INFO -    ✓ Pack: 13.74V, -4.79A, SOC: 0%, SOH: 0%
2025-11-15 12:16:15 - modbus_reader - INFO -    ✓ Discharge MOS: ON
2025-11-15 12:16:18 - modbus_reader - INFO -    ✓ Charge MOS: ON
2025-11-15 12:16:18 - modbus_reader - INFO -    ✓ Battery: 13.74V, -4.79A
2025-11-15 12:16:18 - modbus_reader - INFO -    ✓ SOC: 0%, SOH: 0%
2025-11-15 12:16:19 - modbus_reader - INFO - 👁️  Reading PIR...
2025-11-15 12:16:20 - modbus_reader - WARNING - No response from slave 02
2025-11-15 12:16:20 - modbus_reader - WARNING -    ⚠️  PIR read failed
2025-11-15 12:16:20 - __main__ - INFO - ✅ Read 20 parameters from Modbus devices
2025-11-15 12:16:20 - mqtt_client - INFO - ✅ Telemetry published to nugateway/D83ADDE4A3E0/telemetry
2025-11-15 12:16:20 - __main__ - INFO - ✅ Telemetry published to MQTT broker
2025-11-15 12:16:20 - __main__ - INFO - ⏱️  Next publish in 285 seconds
2025-11-15 12:21:06 - __main__ - INFO - ============================================================
2025-11-15 12:21:06 - __main__ - INFO - 📡 Reading Modbus devices... [12:21:06]
2025-11-15 12:21:06 - modbus_reader - INFO - 📊 Reading MPPT...
2025-11-15 12:21:07 - modbus_reader - INFO -    ✓ PV: 18.0V, 6.78A, 122.04W
2025-11-15 12:21:07 - modbus_reader - INFO -    ✓ Battery: 13.98V, SOC: 99%
2025-11-15 12:21:07 - modbus_reader - INFO - 🌡️  Reading ENV sensor...
2025-11-15 12:21:07 - modbus_reader - INFO -    ✓ Temp: 40.5°C, Humidity: 20.7%
2025-11-15 12:21:07 - modbus_reader - INFO -    ✓ CO2: 559.0 ppm
2025-11-15 12:21:08 - modbus_reader - INFO - 💡 Reading LDR...
2025-11-15 12:21:08 - modbus_reader - INFO -    ✓ Light: 64110 lux (Bright)
2025-11-15 12:21:08 - modbus_reader - INFO - 🔋 Reading BMS...
2025-11-15 12:21:08 - modbus_reader - INFO - 🔋 Reading BMS...
2025-11-15 12:21:10 - modbus_reader - INFO -    ✓ Cell count: 4
2025-11-15 12:21:13 - modbus_reader - INFO -    ✓ Cell 1: 3.518V
2025-11-15 12:21:13 - modbus_reader - INFO -    ✓ Cell 2: 3.486V
2025-11-15 12:21:13 - modbus_reader - INFO -    ✓ Cell 3: 3.502V
2025-11-15 12:21:13 - modbus_reader - INFO -    ✓ Cell 4: 3.448V
2025-11-15 12:21:13 - modbus_reader - INFO -    ✓ Pack: 13.95V, 2.66A, SOC: 0%, SOH: 0%
2025-11-15 12:21:15 - modbus_reader - INFO -    ✓ Discharge MOS: ON
2025-11-15 12:21:18 - modbus_reader - INFO -    ✓ Charge MOS: ON
2025-11-15 12:21:18 - modbus_reader - INFO -    ✓ Battery: 13.95V, 2.66A
2025-11-15 12:21:18 - modbus_reader - INFO -    ✓ SOC: 0%, SOH: 0%
2025-11-15 12:21:18 - modbus_reader - INFO - 👁️  Reading PIR...
2025-11-15 12:21:20 - modbus_reader - WARNING - No response from slave 02
2025-11-15 12:21:20 - modbus_reader - WARNING -    ⚠️  PIR read failed
2025-11-15 12:21:20 - __main__ - INFO - ✅ Read 22 parameters from Modbus devices
2025-11-15 12:21:20 - mqtt_client - INFO - ✅ Telemetry published to nugateway/D83ADDE4A3E0/telemetry
2025-11-15 12:21:20 - __main__ - INFO - ✅ Telemetry published to MQTT broker
2025-11-15 12:21:20 - __main__ - INFO - ⏱️  Next publish in 286 seconds
2025-11-15 12:26:07 - __main__ - INFO - ============================================================
2025-11-15 12:26:07 - __main__ - INFO - 📡 Reading Modbus devices... [12:26:07]
2025-11-15 12:26:07 - modbus_reader - INFO - 📊 Reading MPPT...
2025-11-15 12:26:08 - modbus_reader - INFO -    ✓ PV: 18.6V, 5.43A, 101.0W
2025-11-15 12:26:08 - modbus_reader - INFO -    ✓ Battery: 14.04V, SOC: 99%
2025-11-15 12:26:08 - modbus_reader - INFO - 🌡️  Reading ENV sensor...
2025-11-15 12:26:08 - modbus_reader - INFO -    ✓ Temp: 40.8°C, Humidity: 20.3%
2025-11-15 12:26:08 - modbus_reader - INFO -    ✓ CO2: 551.0 ppm
2025-11-15 12:26:09 - modbus_reader - INFO - 💡 Reading LDR...
2025-11-15 12:26:09 - modbus_reader - INFO -    ✓ Light: 53017 lux (Bright)
2025-11-15 12:26:09 - modbus_reader - INFO - 🔋 Reading BMS...
2025-11-15 12:26:09 - modbus_reader - INFO - 🔋 Reading BMS...
2025-11-15 12:26:11 - modbus_reader - INFO -    ✓ Cell count: 4
2025-11-15 12:26:14 - modbus_reader - INFO -    ✓ Cell 1: 3.556V
2025-11-15 12:26:14 - modbus_reader - INFO -    ✓ Cell 2: 3.517V
2025-11-15 12:26:14 - modbus_reader - INFO -    ✓ Cell 3: 3.539V
2025-11-15 12:26:14 - modbus_reader - INFO -    ✓ Cell 4: 3.464V
2025-11-15 12:26:14 - modbus_reader - INFO -    ✓ Pack: 14.07V, 1.15A, SOC: 0%, SOH: 0%
2025-11-15 12:26:16 - modbus_reader - INFO -    ✓ Discharge MOS: ON
2025-11-15 12:26:19 - modbus_reader - INFO -    ✓ Charge MOS: ON
2025-11-15 12:26:19 - modbus_reader - INFO -    ✓ Battery: 14.07V, 1.15A
2025-11-15 12:26:19 - modbus_reader - INFO -    ✓ SOC: 0%, SOH: 0%
2025-11-15 12:26:19 - modbus_reader - INFO - 👁️  Reading PIR...
2025-11-15 12:26:20 - modbus_reader - WARNING - No response from slave 02
2025-11-15 12:26:20 - modbus_reader - WARNING -    ⚠️  PIR read failed
2025-11-15 12:26:20 - __main__ - INFO - ✅ Read 22 parameters from Modbus devices
2025-11-15 12:26:20 - mqtt_client - INFO - ✅ Telemetry published to nugateway/D83ADDE4A3E0/telemetry
2025-11-15 12:26:20 - __main__ - INFO - ✅ Telemetry published to MQTT broker
2025-11-15 12:26:20 - __main__ - INFO - ⏱️  Next publish in 286 seconds
2025-11-15 12:31:08 - __main__ - INFO - ============================================================
2025-11-15 12:31:08 - __main__ - INFO - 📡 Reading Modbus devices... [12:31:08]
2025-11-15 12:31:08 - modbus_reader - INFO - 📊 Reading MPPT...
2025-11-15 12:31:08 - modbus_reader - INFO -    ✓ PV: 20.0V, 4.32A, 86.4W
2025-11-15 12:31:08 - modbus_reader - INFO -    ✓ Battery: 14.64V, SOC: 99%
2025-11-15 12:31:09 - modbus_reader - INFO - 🌡️  Reading ENV sensor...
2025-11-15 12:31:09 - modbus_reader - INFO -    ✓ Temp: 40.8°C, Humidity: 20.3%
2025-11-15 12:31:09 - modbus_reader - INFO -    ✓ CO2: 555.0 ppm
2025-11-15 12:31:09 - modbus_reader - INFO - 💡 Reading LDR...
2025-11-15 12:31:10 - modbus_reader - INFO -    ✓ Light: 49927 lux (Bright)
2025-11-15 12:31:10 - modbus_reader - INFO - 🔋 Reading BMS...
2025-11-15 12:31:10 - modbus_reader - INFO - 🔋 Reading BMS...
2025-11-15 12:31:12 - modbus_reader - INFO -    ✓ Cell count: 4
2025-11-15 12:31:14 - modbus_reader - INFO -    ✓ Cell 1: 3.590V
2025-11-15 12:31:14 - modbus_reader - INFO -    ✓ Cell 2: 3.537V
2025-11-15 12:31:14 - modbus_reader - INFO -    ✓ Cell 3: 3.574V
2025-11-15 12:31:14 - modbus_reader - INFO -    ✓ Cell 4: 3.476V
2025-11-15 12:31:14 - modbus_reader - INFO -    ✓ Pack: 14.17V, 0.00A, SOC: 0%, SOH: 0%
2025-11-15 12:31:17 - modbus_reader - INFO -    ✓ Discharge MOS: ON
2025-11-15 12:31:19 - modbus_reader - INFO -    ✓ Charge MOS: ON
2025-11-15 12:31:20 - modbus_reader - INFO -    ✓ Battery: 14.17V, 0.0A
2025-11-15 12:31:20 - modbus_reader - INFO -    ✓ SOC: 0%, SOH: 0%
2025-11-15 12:31:20 - modbus_reader - INFO - 👁️  Reading PIR...
2025-11-15 12:31:21 - modbus_reader - WARNING - No response from slave 02
2025-11-15 12:31:21 - modbus_reader - WARNING -    ⚠️  PIR read failed
2025-11-15 12:31:21 - __main__ - INFO - ✅ Read 22 parameters from Modbus devices
2025-11-15 12:31:21 - mqtt_client - INFO - ✅ Telemetry published to nugateway/D83ADDE4A3E0/telemetry
2025-11-15 12:31:21 - __main__ - INFO - ✅ Telemetry published to MQTT broker
2025-11-15 12:31:21 - __main__ - INFO - ⏱️  Next publish in 286 seconds
2025-11-15 12:36:08 - __main__ - INFO - ============================================================
2025-11-15 12:36:08 - __main__ - INFO - 📡 Reading Modbus devices... [12:36:08]
2025-11-15 12:36:08 - modbus_reader - INFO - 📊 Reading MPPT...
2025-11-15 12:36:09 - modbus_reader - INFO -    ✓ PV: 21.4V, 4.09A, 87.53W
2025-11-15 12:36:09 - modbus_reader - INFO -    ✓ Battery: 14.63V, SOC: 99%
2025-11-15 12:36:10 - modbus_reader - INFO - 🌡️  Reading ENV sensor...
2025-11-15 12:36:10 - modbus_reader - INFO -    ✓ Temp: 40.6°C, Humidity: 20.3%
2025-11-15 12:36:10 - modbus_reader - INFO -    ✓ CO2: 557.0 ppm
2025-11-15 12:36:10 - modbus_reader - INFO - 💡 Reading LDR...
2025-11-15 12:36:10 - modbus_reader - INFO -    ✓ Light: 72067 lux (Bright)
2025-11-15 12:36:11 - modbus_reader - INFO - 🔋 Reading BMS...
2025-11-15 12:36:11 - modbus_reader - INFO - 🔋 Reading BMS...
2025-11-15 12:36:13 - modbus_reader - INFO -    ✓ Cell count: 4
2025-11-15 12:36:15 - modbus_reader - INFO -    ✓ Cell 1: 3.550V
2025-11-15 12:36:15 - modbus_reader - INFO -    ✓ Cell 2: 3.515V
2025-11-15 12:36:15 - modbus_reader - INFO -    ✓ Cell 3: 3.536V
2025-11-15 12:36:15 - modbus_reader - INFO -    ✓ Cell 4: 3.465V
2025-11-15 12:36:15 - modbus_reader - INFO -    ✓ Pack: 14.06V, 0.00A, SOC: 0%, SOH: 0%
2025-11-15 12:36:18 - modbus_reader - INFO -    ✓ Discharge MOS: ON
2025-11-15 12:36:20 - modbus_reader - INFO -    ✓ Charge MOS: ON
2025-11-15 12:36:21 - modbus_reader - INFO -    ✓ Battery: 14.06V, 0.0A
2025-11-15 12:36:21 - modbus_reader - INFO -    ✓ SOC: 0%, SOH: 0%
2025-11-15 12:36:21 - modbus_reader - INFO - 👁️  Reading PIR...
2025-11-15 12:36:22 - modbus_reader - WARNING - No response from slave 02
2025-11-15 12:36:22 - modbus_reader - WARNING -    ⚠️  PIR read failed
2025-11-15 12:36:22 - __main__ - INFO - ✅ Read 22 parameters from Modbus devices
2025-11-15 12:36:22 - mqtt_client - INFO - ✅ Telemetry published to nugateway/D83ADDE4A3E0/telemetry
2025-11-15 12:36:22 - __main__ - INFO - ✅ Telemetry published to MQTT broker
2025-11-15 12:36:22 - __main__ - INFO - ⏱️  Next publish in 286 seconds
2025-11-15 12:38:22 - __main__ - INFO - 
⚠️  Signal received, shutting down...
2025-11-15 12:38:22 - __main__ - INFO - 🔄 Shutting down...
2025-11-15 12:38:23 - mqtt_client - INFO - 📴 Disconnected from MQTT broker
2025-11-15 12:38:23 - mqtt_client - INFO - Disconnected from MQTT broker
2025-11-15 12:38:23 - __main__ - INFO - ✅ MQTT client disconnected
2025-11-15 12:38:23 - modbus_reader - INFO - 🔌 Serial port closed
2025-11-15 12:38:23 - __main__ - INFO - ✅ Modbus reader disconnected
2025-11-15 12:38:23 - relay_control - INFO - All relays turned OFF
2025-11-15 12:38:23 - __main__ - INFO - ✅ All relays turned OFF
2025-11-15 12:38:23 - __main__ - INFO - ============================================================
2025-11-15 12:38:23 - __main__ - INFO - 👋 NuGateway stopped
2025-11-15 12:38:23 - __main__ - INFO - ============================================================
2025-11-15 12:39:05 - __main__ - INFO - ============================================================
2025-11-15 12:39:05 - __main__ - INFO - 🚀 NuGateway MQTT Service
2025-11-15 12:39:05 - __main__ - INFO - ============================================================
2025-11-15 12:39:05 - __main__ - INFO - Serial Port: /dev/ttyUSB0
2025-11-15 12:39:05 - __main__ - INFO - Baud Rate: 9600
2025-11-15 12:39:05 - __main__ - INFO - MQTT Broker: broker.nuteknoloji.com:1883
2025-11-15 12:39:05 - __main__ - INFO - Publish Interval: 300 seconds (5 minutes)
2025-11-15 12:39:05 - __main__ - INFO - ============================================================
2025-11-15 12:39:05 - __main__ - INFO - 🔧 Initializing Modbus reader...
2025-11-15 12:39:05 - modbus_reader - INFO - ✅ Connected to /dev/ttyUSB0 at 9600 baud
2025-11-15 12:39:05 - __main__ - INFO - ✅ Modbus reader connected
2025-11-15 12:39:05 - __main__ - INFO - 🔧 Initializing MQTT client...
2025-11-15 12:39:05 - mqtt_client - INFO - Device MAC address: D8:3A:DD:E4:A3:E0
2025-11-15 12:39:05 - mqtt_client - INFO - MQTT client initialized for device: D83ADDE4A3E0
2025-11-15 12:39:05 - mqtt_client - INFO - Broker: broker.nuteknoloji.com:1883
2025-11-15 12:39:05 - mqtt_client - INFO - Connecting to MQTT broker: broker.nuteknoloji.com:1883
2025-11-15 12:39:05 - mqtt_client - INFO - ✅ Connected to MQTT broker: broker.nuteknoloji.com:1883
2025-11-15 12:39:05 - mqtt_client - INFO - 📡 Subscribed to: nugateway/D83ADDE4A3E0/command/relay
2025-11-15 12:39:05 - mqtt_client - INFO - 📡 Subscribed to: nugateway/D83ADDE4A3E0/command/upload
2025-11-15 12:39:05 - __main__ - INFO - ✅ MQTT client connected
2025-11-15 12:39:05 - __main__ - INFO - 📡 Publishing to: nugateway/D83ADDE4A3E0/telemetry
2025-11-15 12:39:05 - __main__ - INFO - 📡 Listening on: nugateway/D83ADDE4A3E0/command/relay
2025-11-15 12:39:05 - __main__ - INFO - ============================================================
2025-11-15 12:39:05 - __main__ - INFO - 🚀 Starting main loop...
2025-11-15 12:39:05 - __main__ - INFO - ⏱️  Will publish every 300 seconds
2025-11-15 12:39:05 - __main__ - INFO -    Press Ctrl+C to stop
2025-11-15 12:39:05 - __main__ - INFO - ============================================================
2025-11-15 12:39:05 - __main__ - INFO - ============================================================
2025-11-15 12:39:05 - __main__ - INFO - 📡 Reading Modbus devices... [12:39:05]
2025-11-15 12:39:05 - modbus_reader - INFO - 📊 Reading MPPT...
2025-11-15 12:39:06 - modbus_reader - INFO -    ✓ PV: 22.6V, 0.57A, 12.88W
2025-11-15 12:39:06 - modbus_reader - INFO -    ✓ Battery: 14.37V, SOC: 99%
2025-11-15 12:39:06 - modbus_reader - INFO - 🌡️  Reading ENV sensor...
2025-11-15 12:39:07 - modbus_reader - INFO -    ✓ Temp: 40.5°C, Humidity: 20.4%
2025-11-15 12:39:07 - modbus_reader - INFO -    ✓ CO2: 562.0 ppm
2025-11-15 12:39:07 - modbus_reader - INFO - 💡 Reading LDR...
2025-11-15 12:39:07 - modbus_reader - INFO -    ✓ Light: 73720 lux (Bright)
2025-11-15 12:39:07 - modbus_reader - INFO - 🔋 Reading BMS...
2025-11-15 12:39:07 - modbus_reader - INFO - 🔋 Reading BMS...
2025-11-15 12:39:09 - modbus_reader - INFO -    ✓ Cell count: 4
2025-11-15 12:39:12 - modbus_reader - INFO -    ✓ Cell 1: 3.528V
2025-11-15 12:39:12 - modbus_reader - INFO -    ✓ Cell 2: 3.506V
2025-11-15 12:39:12 - modbus_reader - INFO -    ✓ Cell 3: 3.524V
2025-11-15 12:39:12 - modbus_reader - INFO -    ✓ Cell 4: 3.459V
2025-11-15 12:39:12 - modbus_reader - INFO -    ✓ Pack: 14.01V, -2.12A, SOC: 0%, SOH: 0%
2025-11-15 12:39:14 - modbus_reader - INFO -    ✓ Discharge MOS: ON
2025-11-15 12:39:17 - modbus_reader - INFO -    ✓ Charge MOS: ON
2025-11-15 12:39:17 - modbus_reader - INFO -    ✓ Battery: 14.01V, -2.12A
2025-11-15 12:39:17 - modbus_reader - INFO -    ✓ SOC: 0%, SOH: 0%
2025-11-15 12:39:18 - modbus_reader - INFO - 👁️  Reading PIR...
2025-11-15 12:39:19 - modbus_reader - WARNING - No response from slave 02
2025-11-15 12:39:19 - modbus_reader - WARNING -    ⚠️  PIR read failed
2025-11-15 12:39:19 - __main__ - INFO - ✅ Read 22 parameters from Modbus devices
2025-11-15 12:39:19 - mqtt_client - INFO - ✅ Telemetry published to nugateway/D83ADDE4A3E0/telemetry
2025-11-15 12:39:19 - __main__ - INFO - ✅ Telemetry published to MQTT broker
2025-11-15 12:39:19 - __main__ - INFO - ⏱️  Next publish in 286 seconds
2025-11-15 12:44:06 - __main__ - INFO - ============================================================
2025-11-15 12:44:06 - __main__ - INFO - 📡 Reading Modbus devices... [12:44:06]
2025-11-15 12:44:06 - modbus_reader - INFO - 📊 Reading MPPT...
2025-11-15 12:44:07 - modbus_reader - INFO -    ✓ PV: 20.8V, 4.31A, 89.65W
2025-11-15 12:44:07 - modbus_reader - INFO -    ✓ Battery: 14.63V, SOC: 99%
2025-11-15 12:44:07 - modbus_reader - INFO - 🌡️  Reading ENV sensor...
2025-11-15 12:44:07 - modbus_reader - INFO -    ✓ Temp: 40.6°C, Humidity: 20.3%
2025-11-15 12:44:07 - modbus_reader - INFO -    ✓ CO2: 559.0 ppm
2025-11-15 12:44:08 - modbus_reader - INFO - 💡 Reading LDR...
2025-11-15 12:44:08 - modbus_reader - INFO -    ✓ Light: 70261 lux (Bright)
2025-11-15 12:44:08 - modbus_reader - INFO - 🔋 Reading BMS...
2025-11-15 12:44:08 - modbus_reader - INFO - 🔋 Reading BMS...
2025-11-15 12:44:10 - modbus_reader - INFO -    ✓ Cell count: 4
2025-11-15 12:44:13 - modbus_reader - INFO -    ✓ Cell 1: 3.528V
2025-11-15 12:44:13 - modbus_reader - INFO -    ✓ Cell 2: 3.505V
2025-11-15 12:44:13 - modbus_reader - INFO -    ✓ Cell 3: 3.522V
2025-11-15 12:44:13 - modbus_reader - INFO -    ✓ Cell 4: 3.461V
2025-11-15 12:44:13 - modbus_reader - INFO -    ✓ Pack: 14.01V, 0.00A, SOC: 0%, SOH: 0%
2025-11-15 12:44:15 - modbus_reader - INFO -    ✓ Discharge MOS: ON
2025-11-15 12:44:18 - modbus_reader - INFO -    ✓ Charge MOS: ON
2025-11-15 12:44:18 - modbus_reader - INFO -    ✓ Battery: 14.01V, 0.0A
2025-11-15 12:44:18 - modbus_reader - INFO -    ✓ SOC: 0%, SOH: 0%
2025-11-15 12:44:18 - modbus_reader - INFO - 👁️  Reading PIR...
2025-11-15 12:44:20 - modbus_reader - WARNING - No response from slave 02
2025-11-15 12:44:20 - modbus_reader - WARNING -    ⚠️  PIR read failed
2025-11-15 12:44:20 - __main__ - INFO - ✅ Read 22 parameters from Modbus devices
2025-11-15 12:44:20 - mqtt_client - INFO - ✅ Telemetry published to nugateway/D83ADDE4A3E0/telemetry
2025-11-15 12:44:20 - __main__ - INFO - ✅ Telemetry published to MQTT broker
2025-11-15 12:44:20 - __main__ - INFO - ⏱️  Next publish in 286 seconds
2025-11-15 12:47:45 - __main__ - INFO - 
⚠️  Signal received, shutting down...
2025-11-15 12:47:46 - __main__ - INFO - 🔄 Shutting down...
2025-11-15 12:47:47 - mqtt_client - INFO - 📴 Disconnected from MQTT broker
2025-11-15 12:47:47 - mqtt_client - INFO - Disconnected from MQTT broker
2025-11-15 12:47:47 - __main__ - INFO - ✅ MQTT client disconnected
2025-11-15 12:47:47 - modbus_reader - INFO - 🔌 Serial port closed
2025-11-15 12:47:47 - __main__ - INFO - ✅ Modbus reader disconnected
2025-11-15 12:47:47 - relay_control - INFO - All relays turned OFF
2025-11-15 12:47:47 - __main__ - INFO - ✅ All relays turned OFF
2025-11-15 12:47:47 - __main__ - INFO - ============================================================
2025-11-15 12:47:47 - __main__ - INFO - 👋 NuGateway stopped
2025-11-15 12:47:47 - __main__ - INFO - ============================================================
2025-11-15 12:50:08 - __main__ - INFO - ============================================================
2025-11-15 12:50:08 - __main__ - INFO - 🚀 NuGateway MQTT Service
2025-11-15 12:50:08 - __main__ - INFO - ============================================================
2025-11-15 12:50:08 - __main__ - INFO - Serial Port: /dev/ttyUSB0
2025-11-15 12:50:08 - __main__ - INFO - Baud Rate: 9600
2025-11-15 12:50:08 - __main__ - INFO - MQTT Broker: broker.nuteknoloji.com:1883
2025-11-15 12:50:08 - __main__ - INFO - Publish Interval: 300 seconds (5 minutes)
2025-11-15 12:50:08 - __main__ - INFO - ============================================================
2025-11-15 12:50:08 - __main__ - INFO - 🔧 Initializing Modbus reader...
2025-11-15 12:50:08 - modbus_reader - INFO - ✅ Connected to /dev/ttyUSB0 at 9600 baud
2025-11-15 12:50:08 - __main__ - INFO - ✅ Modbus reader connected
2025-11-15 12:50:08 - __main__ - INFO - 🔧 Initializing MQTT client...
2025-11-15 12:50:08 - mqtt_client - INFO - Device MAC address: D8:3A:DD:E4:A3:E0
2025-11-15 12:50:08 - mqtt_client - INFO - MQTT client initialized for device: D83ADDE4A3E0
2025-11-15 12:50:08 - mqtt_client - INFO - Broker: broker.nuteknoloji.com:1883
2025-11-15 12:50:08 - mqtt_client - INFO - Connecting to MQTT broker: broker.nuteknoloji.com:1883
2025-11-15 12:50:09 - mqtt_client - INFO - ✅ Connected to MQTT broker: broker.nuteknoloji.com:1883
2025-11-15 12:50:09 - mqtt_client - INFO - 📡 Subscribed to: nugateway/D83ADDE4A3E0/command/relay
2025-11-15 12:50:09 - mqtt_client - INFO - 📡 Subscribed to: nugateway/D83ADDE4A3E0/command/upload
2025-11-15 12:50:09 - __main__ - INFO - ✅ MQTT client connected
2025-11-15 12:50:09 - __main__ - INFO - 📡 Publishing to: nugateway/D83ADDE4A3E0/telemetry
2025-11-15 12:50:09 - __main__ - INFO - 📡 Listening on: nugateway/D83ADDE4A3E0/command/relay
2025-11-15 12:50:09 - __main__ - INFO - ============================================================
2025-11-15 12:50:09 - __main__ - INFO - 🚀 Starting main loop...
2025-11-15 12:50:09 - __main__ - INFO - ⏱️  Will publish every 300 seconds
2025-11-15 12:50:09 - __main__ - INFO -    Press Ctrl+C to stop
2025-11-15 12:50:09 - __main__ - INFO - ============================================================
2025-11-15 12:50:09 - __main__ - INFO - ============================================================
2025-11-15 12:50:09 - __main__ - INFO - 📡 Reading Modbus devices... [12:50:09]
2025-11-15 12:50:09 - modbus_reader - INFO - 📊 Reading MPPT...
2025-11-15 12:50:10 - modbus_reader - INFO -    ✓ PV: 22.5V, 0.58A, 13.05W
2025-11-15 12:50:10 - modbus_reader - INFO -    ✓ Battery: 14.7V, SOC: 99%
2025-11-15 12:50:10 - modbus_reader - INFO - 🌡️  Reading ENV sensor...
2025-11-15 12:50:10 - modbus_reader - INFO -    ✓ Temp: 40.8°C, Humidity: 20.2%
2025-11-15 12:50:10 - modbus_reader - INFO -    ✓ CO2: 556.0 ppm
2025-11-15 12:50:11 - modbus_reader - INFO - 💡 Reading LDR...
2025-11-15 12:50:11 - modbus_reader - INFO -    ✓ Light: 69761 lux (Bright)
2025-11-15 12:50:11 - modbus_reader - INFO - 🔋 Reading BMS...
2025-11-15 12:50:11 - modbus_reader - INFO - 🔋 Reading BMS...
2025-11-15 12:50:13 - modbus_reader - INFO -    ✓ Cell count: 4
2025-11-15 12:50:16 - modbus_reader - INFO -    ✓ Cell 1: 3.517V
2025-11-15 12:50:16 - modbus_reader - INFO -    ✓ Cell 2: 3.498V
2025-11-15 12:50:16 - modbus_reader - INFO -    ✓ Cell 3: 3.515V
2025-11-15 12:50:16 - modbus_reader - INFO -    ✓ Cell 4: 3.455V
2025-11-15 12:50:16 - modbus_reader - INFO -    ✓ Pack: 13.98V, -2.24A, SOC: 0%, SOH: 0%
2025-11-15 12:50:18 - modbus_reader - INFO -    ✓ Discharge MOS: ON
2025-11-15 12:50:21 - modbus_reader - INFO -    ✓ Charge MOS: ON
2025-11-15 12:50:21 - modbus_reader - INFO -    ✓ Battery: 13.98V, -2.24A
2025-11-15 12:50:21 - modbus_reader - INFO -    ✓ SOC: 0%, SOH: 0%
2025-11-15 12:50:21 - modbus_reader - INFO - 👁️  Reading PIR...
2025-11-15 12:50:22 - modbus_reader - WARNING - No response from slave 02
2025-11-15 12:50:22 - modbus_reader - WARNING -    ⚠️  PIR read failed
2025-11-15 12:50:22 - __main__ - INFO - ✅ Read 22 parameters from Modbus devices
2025-11-15 12:50:22 - mqtt_client - INFO - ✅ Telemetry published to nugateway/D83ADDE4A3E0/telemetry
2025-11-15 12:50:22 - __main__ - INFO - ✅ Telemetry published to MQTT broker
2025-11-15 12:50:22 - __main__ - INFO - ⏱️  Next publish in 286 seconds
2025-11-15 12:55:09 - __main__ - INFO - ============================================================
2025-11-15 12:55:09 - __main__ - INFO - 📡 Reading Modbus devices... [12:55:09]
2025-11-15 12:55:09 - modbus_reader - INFO - 📊 Reading MPPT...
2025-11-15 12:55:10 - modbus_reader - INFO -    ✓ PV: 21.0V, 4.34A, 91.14W
2025-11-15 12:55:10 - modbus_reader - INFO -    ✓ Battery: 14.62V, SOC: 99%
2025-11-15 12:55:11 - modbus_reader - INFO - 🌡️  Reading ENV sensor...
2025-11-15 12:55:11 - modbus_reader - INFO -    ✓ Temp: 41.0°C, Humidity: 20.1%
2025-11-15 12:55:11 - modbus_reader - INFO -    ✓ CO2: 558.0 ppm
2025-11-15 12:55:11 - modbus_reader - INFO - 💡 Reading LDR...
2025-11-15 12:55:12 - modbus_reader - INFO -    ✓ Light: 72942 lux (Bright)
2025-11-15 12:55:12 - modbus_reader - INFO - 🔋 Reading BMS...
2025-11-15 12:55:12 - modbus_reader - INFO - 🔋 Reading BMS...
2025-11-15 12:55:15 - modbus_reader - WARNING - BMS: No response (Cmd=0x27)
2025-11-15 12:55:15 - modbus_reader - WARNING -    ⚠️ Cell count not read, using default 4
2025-11-15 12:55:17 - modbus_reader - INFO -    ✓ Cell 1: 3.522V
2025-11-15 12:55:17 - modbus_reader - INFO -    ✓ Cell 2: 3.498V
2025-11-15 12:55:17 - modbus_reader - INFO -    ✓ Cell 3: 3.514V
2025-11-15 12:55:17 - modbus_reader - INFO -    ✓ Cell 4: 3.458V
2025-11-15 12:55:17 - modbus_reader - INFO -    ✓ Pack: 13.99V, 0.00A, SOC: 0%, SOH: 0%
2025-11-15 12:55:20 - modbus_reader - INFO -    ✓ Discharge MOS: ON
2025-11-15 12:55:22 - modbus_reader - INFO -    ✓ Charge MOS: ON
2025-11-15 12:55:23 - modbus_reader - INFO -    ✓ Battery: 13.99V, 0.0A
2025-11-15 12:55:23 - modbus_reader - INFO -    ✓ SOC: 0%, SOH: 0%
2025-11-15 12:55:23 - modbus_reader - INFO - 👁️  Reading PIR...
2025-11-15 12:55:24 - modbus_reader - WARNING - No response from slave 02
2025-11-15 12:55:24 - modbus_reader - WARNING -    ⚠️  PIR read failed
2025-11-15 12:55:24 - __main__ - INFO - ✅ Read 22 parameters from Modbus devices
2025-11-15 12:55:24 - mqtt_client - INFO - ✅ Telemetry published to nugateway/D83ADDE4A3E0/telemetry
2025-11-15 12:55:24 - __main__ - INFO - ✅ Telemetry published to MQTT broker
2025-11-15 12:55:24 - __main__ - INFO - ⏱️  Next publish in 285 seconds
2025-11-15 13:08:03 - __main__ - INFO - ============================================================
2025-11-15 13:08:03 - __main__ - INFO - 🚀 NuGateway MQTT Service
2025-11-15 13:08:03 - __main__ - INFO - ============================================================
2025-11-15 13:08:03 - __main__ - INFO - Serial Port: /dev/ttyUSB0
2025-11-15 13:08:03 - __main__ - INFO - Baud Rate: 9600
2025-11-15 13:08:03 - __main__ - INFO - MQTT Broker: broker.nuteknoloji.com:1883
2025-11-15 13:08:03 - __main__ - INFO - Publish Interval: 300 seconds (5 minutes)
2025-11-15 13:08:03 - __main__ - INFO - ============================================================
2025-11-15 13:08:03 - __main__ - INFO - 🔧 Initializing Modbus reader...
2025-11-15 13:08:03 - modbus_reader - INFO - ✅ Connected to /dev/ttyUSB0 at 9600 baud
2025-11-15 13:08:03 - __main__ - INFO - ✅ Modbus reader connected
2025-11-15 13:08:03 - __main__ - INFO - 🔧 Initializing MQTT client...
2025-11-15 13:08:03 - mqtt_client - INFO - Device MAC address: D8:3A:DD:E4:A3:E0
2025-11-15 13:08:03 - mqtt_client - INFO - MQTT client initialized for device: D83ADDE4A3E0
2025-11-15 13:08:03 - mqtt_client - INFO - Broker: broker.nuteknoloji.com:1883
2025-11-15 13:08:03 - mqtt_client - INFO - Connecting to MQTT broker: broker.nuteknoloji.com:1883
2025-11-15 13:08:03 - mqtt_client - INFO - ✅ Connected to MQTT broker: broker.nuteknoloji.com:1883
2025-11-15 13:08:03 - mqtt_client - INFO - 📡 Subscribed to: nugateway/D83ADDE4A3E0/command/relay
2025-11-15 13:08:03 - mqtt_client - INFO - 📡 Subscribed to: nugateway/D83ADDE4A3E0/command/upload
2025-11-15 13:08:03 - __main__ - INFO - ✅ MQTT client connected
2025-11-15 13:08:03 - __main__ - INFO - 📡 Publishing to: nugateway/D83ADDE4A3E0/telemetry
2025-11-15 13:08:03 - __main__ - INFO - 📡 Listening on: nugateway/D83ADDE4A3E0/command/relay
2025-11-15 13:08:03 - __main__ - INFO - ============================================================
2025-11-15 13:08:03 - __main__ - INFO - 🚀 Starting main loop...
2025-11-15 13:08:03 - __main__ - INFO - ⏱️  Will publish every 300 seconds
2025-11-15 13:08:03 - __main__ - INFO -    Press Ctrl+C to stop
2025-11-15 13:08:03 - __main__ - INFO - ============================================================
2025-11-15 13:08:03 - __main__ - INFO - ============================================================
2025-11-15 13:08:03 - __main__ - INFO - 📡 Reading Modbus devices... [13:08:03]
2025-11-15 13:08:03 - modbus_reader - INFO - 📊 Reading MPPT...
2025-11-15 13:08:04 - modbus_reader - INFO -    ✓ PV: 17.9V, 3.62A, 64.8W
2025-11-15 13:08:04 - modbus_reader - INFO -    ✓ Battery: 13.67V, SOC: 99%
2025-11-15 13:08:05 - modbus_reader - INFO - 🌡️  Reading ENV sensor...
2025-11-15 13:08:05 - modbus_reader - INFO -    ✓ Temp: 41.6°C, Humidity: 19.4%
2025-11-15 13:08:05 - modbus_reader - INFO -    ✓ CO2: 555.0 ppm
2025-11-15 13:08:05 - modbus_reader - INFO - 💡 Reading LDR...
2025-11-15 13:08:05 - modbus_reader - INFO -    ✓ Light: 35017 lux (Bright)
2025-11-15 13:08:06 - modbus_reader - INFO - 🔋 Reading BMS...
2025-11-15 13:08:06 - modbus_reader - INFO - 🔋 Reading BMS...
2025-11-15 13:08:08 - modbus_reader - INFO -    ✓ Cell count: 4
2025-11-15 13:08:10 - modbus_reader - INFO -    ✓ Cell 1: 3.461V
2025-11-15 13:08:10 - modbus_reader - INFO -    ✓ Cell 2: 3.457V
2025-11-15 13:08:10 - modbus_reader - INFO -    ✓ Cell 3: 3.464V
2025-11-15 13:08:10 - modbus_reader - INFO -    ✓ Cell 4: 3.430V
2025-11-15 13:08:10 - modbus_reader - INFO -    ✓ Pack: 13.81V, -1.63A, SOC: 0%, SOH: 0%
2025-11-15 13:08:13 - modbus_reader - INFO -    ✓ Discharge MOS: ON
2025-11-15 13:08:15 - modbus_reader - INFO -    ✓ Charge MOS: ON
2025-11-15 13:08:16 - modbus_reader - INFO -    ✓ Battery: 13.81V, -1.63A
2025-11-15 13:08:16 - modbus_reader - INFO -    ✓ SOC: 0%, SOH: 0%
2025-11-15 13:08:16 - modbus_reader - INFO - 👁️  Reading PIR...
2025-11-15 13:08:17 - modbus_reader - WARNING - No response from slave 02
2025-11-15 13:08:17 - modbus_reader - WARNING -    ⚠️  PIR read failed
2025-11-15 13:08:17 - __main__ - INFO - ✅ Read 22 parameters from Modbus devices
2025-11-15 13:08:17 - mqtt_client - INFO - ✅ Telemetry published to nugateway/D83ADDE4A3E0/telemetry
2025-11-15 13:08:17 - __main__ - INFO - ✅ Telemetry published to MQTT broker
2025-11-15 13:08:17 - __main__ - INFO - ⏱️  Next publish in 286 seconds
2025-11-15 13:13:04 - __main__ - INFO - ============================================================
2025-11-15 13:13:04 - __main__ - INFO - 📡 Reading Modbus devices... [13:13:04]
2025-11-15 13:13:04 - modbus_reader - INFO - 📊 Reading MPPT...
2025-11-15 13:13:05 - modbus_reader - INFO -    ✓ PV: 18.5V, 3.01A, 55.68W
2025-11-15 13:13:05 - modbus_reader - INFO -    ✓ Battery: 13.55V, SOC: 99%
2025-11-15 13:13:05 - modbus_reader - INFO - 🌡️  Reading ENV sensor...
2025-11-15 13:13:06 - modbus_reader - INFO -    ✓ Temp: 41.1°C, Humidity: 19.5%
2025-11-15 13:13:06 - modbus_reader - INFO -    ✓ CO2: 555.0 ppm
2025-11-15 13:13:06 - modbus_reader - INFO - 💡 Reading LDR...
2025-11-15 13:13:06 - modbus_reader - INFO -    ✓ Light: 29507 lux (Bright)
2025-11-15 13:13:06 - modbus_reader - INFO - 🔋 Reading BMS...
2025-11-15 13:13:06 - modbus_reader - INFO - 🔋 Reading BMS...
2025-11-15 13:13:08 - modbus_reader - INFO -    ✓ Cell count: 4
2025-11-15 13:13:11 - modbus_reader - INFO -    ✓ Cell 1: 3.432V
2025-11-15 13:13:11 - modbus_reader - INFO -    ✓ Cell 2: 3.430V
2025-11-15 13:13:11 - modbus_reader - INFO -    ✓ Cell 3: 3.433V
2025-11-15 13:13:11 - modbus_reader - INFO -    ✓ Cell 4: 3.410V
2025-11-15 13:13:11 - modbus_reader - INFO -    ✓ Pack: 13.70V, -2.24A, SOC: 0%, SOH: 0%
2025-11-15 13:13:13 - modbus_reader - INFO -    ✓ Discharge MOS: ON
2025-11-15 13:13:16 - modbus_reader - INFO -    ✓ Charge MOS: ON
2025-11-15 13:13:16 - modbus_reader - INFO -    ✓ Battery: 13.7V, -2.24A
2025-11-15 13:13:16 - modbus_reader - INFO -    ✓ SOC: 0%, SOH: 0%
2025-11-15 13:13:17 - modbus_reader - INFO - 👁️  Reading PIR...
2025-11-15 13:13:18 - modbus_reader - WARNING - No response from slave 02
2025-11-15 13:13:18 - modbus_reader - WARNING -    ⚠️  PIR read failed
2025-11-15 13:13:18 - __main__ - INFO - ✅ Read 22 parameters from Modbus devices
2025-11-15 13:13:18 - mqtt_client - INFO - ✅ Telemetry published to nugateway/D83ADDE4A3E0/telemetry
2025-11-15 13:13:18 - __main__ - INFO - ✅ Telemetry published to MQTT broker
2025-11-15 13:13:18 - __main__ - INFO - ⏱️  Next publish in 286 seconds
2025-11-15 13:18:05 - __main__ - INFO - ============================================================
2025-11-15 13:18:05 - __main__ - INFO - 📡 Reading Modbus devices... [13:18:05]
2025-11-15 13:18:05 - modbus_reader - INFO - 📊 Reading MPPT...
2025-11-15 13:18:06 - modbus_reader - INFO -    ✓ PV: 18.8V, 6.26A, 117.69W
2025-11-15 13:18:06 - modbus_reader - INFO -    ✓ Battery: 13.84V, SOC: 99%
2025-11-15 13:18:06 - modbus_reader - INFO - 🌡️  Reading ENV sensor...
2025-11-15 13:18:07 - modbus_reader - INFO -    ✓ Temp: 40.0°C, Humidity: 19.9%
2025-11-15 13:18:07 - modbus_reader - INFO -    ✓ CO2: 555.0 ppm
2025-11-15 13:18:07 - modbus_reader - INFO - 💡 Reading LDR...
2025-11-15 13:18:07 - modbus_reader - INFO -    ✓ Light: 60554 lux (Bright)
2025-11-15 13:18:07 - modbus_reader - INFO - 🔋 Reading BMS...
2025-11-15 13:18:07 - modbus_reader - INFO - 🔋 Reading BMS...
2025-11-15 13:18:09 - modbus_reader - INFO -    ✓ Cell count: 4
2025-11-15 13:18:12 - modbus_reader - INFO -    ✓ Cell 1: 3.476V
2025-11-15 13:18:12 - modbus_reader - INFO -    ✓ Cell 2: 3.457V
2025-11-15 13:18:12 - modbus_reader - INFO -    ✓ Cell 3: 3.464V
2025-11-15 13:18:12 - modbus_reader - INFO -    ✓ Cell 4: 3.430V
2025-11-15 13:18:12 - modbus_reader - INFO -    ✓ Pack: 13.82V, 2.30A, SOC: 0%, SOH: 0%
2025-11-15 13:18:14 - modbus_reader - INFO -    ✓ Discharge MOS: ON
2025-11-15 13:18:17 - modbus_reader - INFO -    ✓ Charge MOS: ON
2025-11-15 13:18:17 - modbus_reader - INFO -    ✓ Battery: 13.82V, 2.3A
2025-11-15 13:18:17 - modbus_reader - INFO -    ✓ SOC: 0%, SOH: 0%
2025-11-15 13:18:18 - modbus_reader - INFO - 👁️  Reading PIR...
2025-11-15 13:18:19 - modbus_reader - WARNING - No response from slave 02
2025-11-15 13:18:19 - modbus_reader - WARNING -    ⚠️  PIR read failed
2025-11-15 13:18:19 - __main__ - INFO - ✅ Read 22 parameters from Modbus devices
2025-11-15 13:18:19 - mqtt_client - INFO - ✅ Telemetry published to nugateway/D83ADDE4A3E0/telemetry
2025-11-15 13:18:19 - __main__ - INFO - ✅ Telemetry published to MQTT broker
2025-11-15 13:18:19 - __main__ - INFO - ⏱️  Next publish in 286 seconds
2025-11-15 13:23:06 - __main__ - INFO - ============================================================
2025-11-15 13:23:06 - __main__ - INFO - 📡 Reading Modbus devices... [13:23:06]
2025-11-15 13:23:06 - modbus_reader - INFO - 📊 Reading MPPT...
2025-11-15 13:23:07 - modbus_reader - INFO -    ✓ PV: 19.0V, 5.4A, 102.6W
2025-11-15 13:23:07 - modbus_reader - INFO -    ✓ Battery: 13.95V, SOC: 99%
2025-11-15 13:23:07 - modbus_reader - INFO - 🌡️  Reading ENV sensor...
2025-11-15 13:23:07 - modbus_reader - INFO -    ✓ Temp: 39.1°C, Humidity: 20.5%
2025-11-15 13:23:07 - modbus_reader - INFO -    ✓ CO2: 557.0 ppm
2025-11-15 13:23:08 - modbus_reader - INFO - 💡 Reading LDR...
2025-11-15 13:23:08 - modbus_reader - INFO -    ✓ Light: 52994 lux (Bright)
2025-11-15 13:23:08 - modbus_reader - INFO - 🔋 Reading BMS...
2025-11-15 13:23:08 - modbus_reader - INFO - 🔋 Reading BMS...
2025-11-15 13:23:10 - modbus_reader - INFO -    ✓ Cell count: 4
2025-11-15 13:23:13 - modbus_reader - INFO -    ✓ Cell 1: 3.527V
2025-11-15 13:23:13 - modbus_reader - INFO -    ✓ Cell 2: 3.495V
2025-11-15 13:23:13 - modbus_reader - INFO -    ✓ Cell 3: 3.514V
2025-11-15 13:23:13 - modbus_reader - INFO -    ✓ Cell 4: 3.452V
2025-11-15 13:23:13 - modbus_reader - INFO -    ✓ Pack: 13.98V, 1.21A, SOC: 0%, SOH: 0%
2025-11-15 13:23:15 - modbus_reader - INFO -    ✓ Discharge MOS: ON
2025-11-15 13:23:18 - modbus_reader - INFO -    ✓ Charge MOS: ON
2025-11-15 13:23:18 - modbus_reader - INFO -    ✓ Battery: 13.98V, 1.21A
2025-11-15 13:23:18 - modbus_reader - INFO -    ✓ SOC: 0%, SOH: 0%
2025-11-15 13:23:18 - modbus_reader - INFO - 👁️  Reading PIR...
2025-11-15 13:23:20 - modbus_reader - WARNING - No response from slave 02
2025-11-15 13:23:20 - modbus_reader - WARNING -    ⚠️  PIR read failed
2025-11-15 13:23:20 - __main__ - INFO - ✅ Read 22 parameters from Modbus devices
2025-11-15 13:23:20 - mqtt_client - INFO - ✅ Telemetry published to nugateway/D83ADDE4A3E0/telemetry
2025-11-15 13:23:20 - __main__ - INFO - ✅ Telemetry published to MQTT broker
2025-11-15 13:23:20 - __main__ - INFO - ⏱️  Next publish in 286 seconds
2025-11-15 13:28:07 - __main__ - INFO - ============================================================
2025-11-15 13:28:07 - __main__ - INFO - 📡 Reading Modbus devices... [13:28:07]
2025-11-15 13:28:07 - modbus_reader - INFO - 📊 Reading MPPT...
2025-11-15 13:28:08 - modbus_reader - INFO -    ✓ PV: 18.8V, 4.2A, 78.96W
2025-11-15 13:28:08 - modbus_reader - INFO -    ✓ Battery: 13.91V, SOC: 99%
2025-11-15 13:28:08 - modbus_reader - INFO - 🌡️  Reading ENV sensor...
2025-11-15 13:28:08 - modbus_reader - INFO -    ✓ Temp: 38.5°C, Humidity: 20.9%
2025-11-15 13:28:08 - modbus_reader - INFO -    ✓ CO2: 558.0 ppm
2025-11-15 13:28:09 - modbus_reader - INFO - 💡 Reading LDR...
2025-11-15 13:28:09 - modbus_reader - INFO -    ✓ Light: 41106 lux (Bright)
2025-11-15 13:28:09 - modbus_reader - INFO - 🔋 Reading BMS...
2025-11-15 13:28:09 - modbus_reader - INFO - 🔋 Reading BMS...
2025-11-15 13:28:11 - modbus_reader - INFO -    ✓ Cell count: 4
2025-11-15 13:28:13 - modbus_reader - INFO -    ✓ Cell 1: 3.525V
2025-11-15 13:28:13 - modbus_reader - INFO -    ✓ Cell 2: 3.498V
2025-11-15 13:28:13 - modbus_reader - INFO -    ✓ Cell 3: 3.520V
2025-11-15 13:28:13 - modbus_reader - INFO -    ✓ Cell 4: 3.454V
2025-11-15 13:28:13 - modbus_reader - INFO -    ✓ Pack: 13.99V, -0.36A, SOC: 0%, SOH: 0%
2025-11-15 13:28:16 - modbus_reader - INFO -    ✓ Discharge MOS: ON
2025-11-15 13:28:18 - modbus_reader - INFO -    ✓ Charge MOS: ON
2025-11-15 13:28:19 - modbus_reader - INFO -    ✓ Battery: 13.99V, -0.36A
2025-11-15 13:28:19 - modbus_reader - INFO -    ✓ SOC: 0%, SOH: 0%
2025-11-15 13:28:19 - modbus_reader - INFO - 👁️  Reading PIR...
2025-11-15 13:28:20 - modbus_reader - WARNING - No response from slave 02
2025-11-15 13:28:20 - modbus_reader - WARNING -    ⚠️  PIR read failed
2025-11-15 13:28:20 - __main__ - INFO - ✅ Read 22 parameters from Modbus devices
2025-11-15 13:28:20 - mqtt_client - INFO - ✅ Telemetry published to nugateway/D83ADDE4A3E0/telemetry
2025-11-15 13:28:20 - __main__ - INFO - ✅ Telemetry published to MQTT broker
2025-11-15 13:28:20 - __main__ - INFO - ⏱️  Next publish in 286 seconds
2025-11-15 13:33:07 - __main__ - INFO - ============================================================
2025-11-15 13:33:07 - __main__ - INFO - 📡 Reading Modbus devices... [13:33:07]
2025-11-15 13:33:07 - modbus_reader - INFO - 📊 Reading MPPT...
2025-11-15 13:33:08 - modbus_reader - INFO -    ✓ PV: 18.8V, 5.22A, 98.14W
2025-11-15 13:33:08 - modbus_reader - INFO -    ✓ Battery: 13.97V, SOC: 99%
2025-11-15 13:33:09 - modbus_reader - INFO - 🌡️  Reading ENV sensor...
2025-11-15 13:33:09 - modbus_reader - INFO -    ✓ Temp: 38.1°C, Humidity: 21.1%
2025-11-15 13:33:09 - modbus_reader - INFO -    ✓ CO2: 557.0 ppm
2025-11-15 13:33:09 - modbus_reader - INFO - 💡 Reading LDR...
2025-11-15 13:33:10 - modbus_reader - INFO -    ✓ Light: 49984 lux (Bright)
2025-11-15 13:33:10 - modbus_reader - INFO - 🔋 Reading BMS...
2025-11-15 13:33:10 - modbus_reader - INFO - 🔋 Reading BMS...
2025-11-15 13:33:12 - modbus_reader - INFO -    ✓ Cell count: 4
2025-11-15 13:33:14 - modbus_reader - INFO -    ✓ Cell 1: 3.528V
2025-11-15 13:33:14 - modbus_reader - INFO -    ✓ Cell 2: 3.503V
2025-11-15 13:33:14 - modbus_reader - INFO -    ✓ Cell 3: 3.521V
2025-11-15 13:33:14 - modbus_reader - INFO -    ✓ Cell 4: 3.459V
2025-11-15 13:33:14 - modbus_reader - INFO -    ✓ Pack: 14.01V, 0.97A, SOC: 0%, SOH: 0%
2025-11-15 13:33:17 - modbus_reader - INFO -    ✓ Discharge MOS: ON
2025-11-15 13:33:19 - modbus_reader - INFO -    ✓ Charge MOS: ON
2025-11-15 13:33:20 - modbus_reader - INFO -    ✓ Battery: 14.01V, 0.97A
2025-11-15 13:33:20 - modbus_reader - INFO -    ✓ SOC: 0%, SOH: 0%
2025-11-15 13:33:20 - modbus_reader - INFO - 👁️  Reading PIR...
2025-11-15 13:33:21 - modbus_reader - WARNING - No response from slave 02
2025-11-15 13:33:21 - modbus_reader - WARNING -    ⚠️  PIR read failed
2025-11-15 13:33:21 - __main__ - INFO - ✅ Read 22 parameters from Modbus devices
2025-11-15 13:33:21 - mqtt_client - INFO - ✅ Telemetry published to nugateway/D83ADDE4A3E0/telemetry
2025-11-15 13:33:21 - __main__ - INFO - ✅ Telemetry published to MQTT broker
2025-11-15 13:33:21 - __main__ - INFO - ⏱️  Next publish in 286 seconds
2025-11-15 13:38:08 - __main__ - INFO - ============================================================
2025-11-15 13:38:08 - __main__ - INFO - 📡 Reading Modbus devices... [13:38:08]
2025-11-15 13:38:08 - modbus_reader - INFO - 📊 Reading MPPT...
2025-11-15 13:38:09 - modbus_reader - INFO -    ✓ PV: 18.8V, 5.22A, 98.14W
2025-11-15 13:38:09 - modbus_reader - INFO -    ✓ Battery: 14.13V, SOC: 99%
2025-11-15 13:38:10 - modbus_reader - INFO - 🌡️  Reading ENV sensor...
2025-11-15 13:38:10 - modbus_reader - INFO -    ✓ Temp: 37.7°C, Humidity: 21.4%
2025-11-15 13:38:10 - modbus_reader - INFO -    ✓ CO2: 556.0 ppm
2025-11-15 13:38:10 - modbus_reader - INFO - 💡 Reading LDR...
2025-11-15 13:38:10 - modbus_reader - INFO -    ✓ Light: 49898 lux (Bright)
2025-11-15 13:38:11 - modbus_reader - INFO - 🔋 Reading BMS...
2025-11-15 13:38:11 - modbus_reader - INFO - 🔋 Reading BMS...
2025-11-15 13:38:13 - modbus_reader - INFO -    ✓ Cell count: 4
2025-11-15 13:38:15 - modbus_reader - INFO -    ✓ Cell 1: 3.581V
2025-11-15 13:38:15 - modbus_reader - INFO -    ✓ Cell 2: 3.537V
2025-11-15 13:38:15 - modbus_reader - INFO -    ✓ Cell 3: 3.565V
2025-11-15 13:38:15 - modbus_reader - INFO -    ✓ Cell 4: 3.480V
2025-11-15 13:38:15 - modbus_reader - INFO -    ✓ Pack: 14.16V, 0.97A, SOC: 0%, SOH: 0%
2025-11-15 13:38:18 - modbus_reader - INFO -    ✓ Discharge MOS: ON
2025-11-15 13:38:20 - modbus_reader - INFO -    ✓ Charge MOS: ON
2025-11-15 13:38:21 - modbus_reader - INFO -    ✓ Battery: 14.16V, 0.97A
2025-11-15 13:38:21 - modbus_reader - INFO -    ✓ SOC: 0%, SOH: 0%
2025-11-15 13:38:21 - modbus_reader - INFO - 👁️  Reading PIR...
2025-11-15 13:38:22 - modbus_reader - WARNING - No response from slave 02
2025-11-15 13:38:22 - modbus_reader - WARNING -    ⚠️  PIR read failed
2025-11-15 13:38:22 - __main__ - INFO - ✅ Read 22 parameters from Modbus devices
2025-11-15 13:38:22 - mqtt_client - INFO - ✅ Telemetry published to nugateway/D83ADDE4A3E0/telemetry
2025-11-15 13:38:22 - __main__ - INFO - ✅ Telemetry published to MQTT broker
2025-11-15 13:38:22 - __main__ - INFO - ⏱️  Next publish in 286 seconds
2025-11-15 13:43:09 - __main__ - INFO - ============================================================
2025-11-15 13:43:09 - __main__ - INFO - 📡 Reading Modbus devices... [13:43:09]
2025-11-15 13:43:09 - modbus_reader - INFO - 📊 Reading MPPT...
2025-11-15 13:43:10 - modbus_reader - INFO -    ✓ PV: 18.7V, 4.74A, 88.64W
2025-11-15 13:43:10 - modbus_reader - INFO -    ✓ Battery: 14.2V, SOC: 99%
2025-11-15 13:43:10 - modbus_reader - INFO - 🌡️  Reading ENV sensor...
2025-11-15 13:43:11 - modbus_reader - INFO -    ✓ Temp: 37.4°C, Humidity: 21.9%
2025-11-15 13:43:11 - modbus_reader - INFO -    ✓ CO2: 551.0 ppm
2025-11-15 13:43:11 - modbus_reader - INFO - 💡 Reading LDR...
2025-11-15 13:43:11 - modbus_reader - INFO -    ✓ Light: 45644 lux (Bright)
2025-11-15 13:43:12 - modbus_reader - INFO - 🔋 Reading BMS...
2025-11-15 13:43:12 - modbus_reader - INFO - 🔋 Reading BMS...
2025-11-15 13:43:14 - modbus_reader - INFO -    ✓ Cell count: 4
2025-11-15 13:43:16 - modbus_reader - INFO -    ✓ Cell 1: 3.618V
2025-11-15 13:43:16 - modbus_reader - INFO -    ✓ Cell 2: 3.561V
2025-11-15 13:43:16 - modbus_reader - INFO -    ✓ Cell 3: 3.599V
2025-11-15 13:43:16 - modbus_reader - INFO -    ✓ Cell 4: 3.492V
2025-11-15 13:43:16 - modbus_reader - INFO -    ✓ Pack: 14.27V, 0.54A, SOC: 0%, SOH: 0%
2025-11-15 13:43:19 - modbus_reader - INFO -    ✓ Discharge MOS: ON
2025-11-15 13:43:21 - modbus_reader - INFO -    ✓ Charge MOS: ON
2025-11-15 13:43:22 - modbus_reader - INFO -    ✓ Battery: 14.27V, 0.54A
2025-11-15 13:43:22 - modbus_reader - INFO -    ✓ SOC: 0%, SOH: 0%
2025-11-15 13:43:22 - modbus_reader - INFO - 👁️  Reading PIR...
2025-11-15 13:43:23 - modbus_reader - WARNING - No response from slave 02
2025-11-15 13:43:23 - modbus_reader - WARNING -    ⚠️  PIR read failed
2025-11-15 13:43:23 - __main__ - INFO - ✅ Read 22 parameters from Modbus devices
2025-11-15 13:43:23 - mqtt_client - INFO - ✅ Telemetry published to nugateway/D83ADDE4A3E0/telemetry
2025-11-15 13:43:23 - __main__ - INFO - ✅ Telemetry published to MQTT broker
2025-11-15 13:43:23 - __main__ - INFO - ⏱️  Next publish in 286 seconds
2025-11-15 13:48:10 - __main__ - INFO - ============================================================
2025-11-15 13:48:10 - __main__ - INFO - 📡 Reading Modbus devices... [13:48:10]
2025-11-15 13:48:10 - modbus_reader - INFO - 📊 Reading MPPT...
2025-11-15 13:48:11 - modbus_reader - INFO -    ✓ PV: 20.8V, 1.72A, 35.78W
2025-11-15 13:48:11 - modbus_reader - INFO -    ✓ Battery: 13.91V, SOC: 99%
2025-11-15 13:48:11 - modbus_reader - INFO - 🌡️  Reading ENV sensor...
2025-11-15 13:48:12 - modbus_reader - INFO -    ✓ Temp: 37.1°C, Humidity: 22.3%
2025-11-15 13:48:12 - modbus_reader - INFO -    ✓ CO2: 555.0 ppm
2025-11-15 13:48:12 - modbus_reader - INFO - 💡 Reading LDR...
2025-11-15 13:48:12 - modbus_reader - INFO -    ✓ Light: 41696 lux (Bright)
2025-11-15 13:48:12 - modbus_reader - INFO - 🔋 Reading BMS...
2025-11-15 13:48:12 - modbus_reader - INFO - 🔋 Reading BMS...
2025-11-15 13:48:14 - modbus_reader - INFO -    ✓ Cell count: 4
2025-11-15 13:48:17 - modbus_reader - INFO -    ✓ Cell 1: 3.607V
2025-11-15 13:48:17 - modbus_reader - INFO -    ✓ Cell 2: 3.552V
2025-11-15 13:48:17 - modbus_reader - INFO -    ✓ Cell 3: 3.587V
2025-11-15 13:48:17 - modbus_reader - INFO -    ✓ Cell 4: 3.487V
2025-11-15 13:48:17 - modbus_reader - INFO -    ✓ Pack: 14.23V, 0.00A, SOC: 0%, SOH: 0%
2025-11-15 13:48:19 - modbus_reader - INFO -    ✓ Discharge MOS: ON
2025-11-15 13:48:22 - modbus_reader - INFO -    ✓ Charge MOS: ON
2025-11-15 13:48:22 - modbus_reader - INFO -    ✓ Battery: 14.23V, 0.0A
2025-11-15 13:48:22 - modbus_reader - INFO -    ✓ SOC: 0%, SOH: 0%
2025-11-15 13:48:23 - modbus_reader - INFO - 👁️  Reading PIR...
2025-11-15 13:48:24 - modbus_reader - WARNING - No response from slave 02
2025-11-15 13:48:24 - modbus_reader - WARNING -    ⚠️  PIR read failed
2025-11-15 13:48:24 - __main__ - INFO - ✅ Read 22 parameters from Modbus devices
2025-11-15 13:48:24 - mqtt_client - INFO - ✅ Telemetry published to nugateway/D83ADDE4A3E0/telemetry
2025-11-15 13:48:24 - __main__ - INFO - ✅ Telemetry published to MQTT broker
2025-11-15 13:48:24 - __main__ - INFO - ⏱️  Next publish in 286 seconds
2025-11-15 13:53:11 - __main__ - INFO - ============================================================
2025-11-15 13:53:11 - __main__ - INFO - 📡 Reading Modbus devices... [13:53:11]
2025-11-15 13:53:11 - modbus_reader - INFO - 📊 Reading MPPT...
2025-11-15 13:53:12 - modbus_reader - INFO -    ✓ PV: 18.8V, 3.91A, 73.51W
2025-11-15 13:53:12 - modbus_reader - INFO -    ✓ Battery: 13.91V, SOC: 99%
2025-11-15 13:53:12 - modbus_reader - INFO - 🌡️  Reading ENV sensor...
2025-11-15 13:53:13 - modbus_reader - INFO -    ✓ Temp: 36.6°C, Humidity: 22.8%
2025-11-15 13:53:13 - modbus_reader - INFO -    ✓ CO2: 556.0 ppm
2025-11-15 13:53:13 - modbus_reader - INFO - 💡 Reading LDR...
2025-11-15 13:53:13 - modbus_reader - INFO -    ✓ Light: 37243 lux (Bright)
2025-11-15 13:53:13 - modbus_reader - INFO - 🔋 Reading BMS...
2025-11-15 13:53:13 - modbus_reader - INFO - 🔋 Reading BMS...
2025-11-15 13:53:15 - modbus_reader - INFO -    ✓ Cell count: 4
2025-11-15 13:53:18 - modbus_reader - INFO -    ✓ Cell 1: 3.525V
2025-11-15 13:53:18 - modbus_reader - INFO -    ✓ Cell 2: 3.505V
2025-11-15 13:53:18 - modbus_reader - INFO -    ✓ Cell 3: 3.521V
2025-11-15 13:53:18 - modbus_reader - INFO -    ✓ Cell 4: 3.461V
2025-11-15 13:53:18 - modbus_reader - INFO -    ✓ Pack: 14.01V, -0.48A, SOC: 0%, SOH: 0%
2025-11-15 13:53:20 - modbus_reader - INFO -    ✓ Discharge MOS: ON
2025-11-15 13:53:23 - modbus_reader - INFO -    ✓ Charge MOS: ON
2025-11-15 13:53:23 - modbus_reader - INFO -    ✓ Battery: 14.01V, -0.48A
2025-11-15 13:53:23 - modbus_reader - INFO -    ✓ SOC: 0%, SOH: 0%
2025-11-15 13:53:24 - modbus_reader - INFO - 👁️  Reading PIR...
2025-11-15 13:53:25 - modbus_reader - WARNING - No response from slave 02
2025-11-15 13:53:25 - modbus_reader - WARNING -    ⚠️  PIR read failed
2025-11-15 13:53:25 - __main__ - INFO - ✅ Read 22 parameters from Modbus devices
2025-11-15 13:53:25 - mqtt_client - INFO - ✅ Telemetry published to nugateway/D83ADDE4A3E0/telemetry
2025-11-15 13:53:25 - __main__ - INFO - ✅ Telemetry published to MQTT broker
2025-11-15 13:53:25 - __main__ - INFO - ⏱️  Next publish in 286 seconds
2025-11-17 14:33:31 - __main__ - INFO - ============================================================
2025-11-17 14:33:31 - __main__ - INFO - 🚀 NuGateway MQTT Service
2025-11-17 14:33:31 - __main__ - INFO - ============================================================
2025-11-17 14:33:31 - __main__ - INFO - Serial Port: /dev/ttyUSB0
2025-11-17 14:33:31 - __main__ - INFO - Baud Rate: 9600
2025-11-17 14:33:31 - __main__ - INFO - MQTT Broker: broker.nuteknoloji.com:1883
2025-11-17 14:33:31 - __main__ - INFO - Publish Interval: 300 seconds (5 minutes)
2025-11-17 14:33:31 - __main__ - INFO - ============================================================
2025-11-17 14:33:31 - __main__ - INFO - 🔧 Initializing Modbus reader...
2025-11-17 14:33:31 - modbus_reader - INFO - ✅ Connected to /dev/ttyUSB0 at 9600 baud
2025-11-17 14:33:31 - __main__ - INFO - ✅ Modbus reader connected
2025-11-17 14:33:31 - __main__ - INFO - 🔧 Initializing MQTT client...
2025-11-17 14:33:31 - mqtt_client - INFO - Device MAC address: D8:3A:DD:E4:A3:E0
2025-11-17 14:33:31 - mqtt_client - INFO - MQTT client initialized for device: D83ADDE4A3E0
2025-11-17 14:33:31 - mqtt_client - INFO - Broker: broker.nuteknoloji.com:1883
2025-11-17 14:33:31 - mqtt_client - INFO - Connecting to MQTT broker: broker.nuteknoloji.com:1883
2025-11-17 14:33:31 - mqtt_client - INFO - ✅ Connected to MQTT broker: broker.nuteknoloji.com:1883
2025-11-17 14:33:31 - mqtt_client - INFO - 📡 Subscribed to: nugateway/D83ADDE4A3E0/command/relay
2025-11-17 14:33:31 - mqtt_client - INFO - 📡 Subscribed to: nugateway/D83ADDE4A3E0/command/upload
2025-11-17 14:33:31 - __main__ - INFO - ✅ MQTT client connected
2025-11-17 14:33:31 - __main__ - INFO - 📡 Publishing to: nugateway/D83ADDE4A3E0/telemetry
2025-11-17 14:33:31 - __main__ - INFO - 📡 Listening on: nugateway/D83ADDE4A3E0/command/relay
2025-11-17 14:33:31 - __main__ - INFO - ============================================================
2025-11-17 14:33:31 - __main__ - INFO - 🚀 Starting main loop...
2025-11-17 14:33:31 - __main__ - INFO - ⏱️  Will publish every 300 seconds
2025-11-17 14:33:31 - __main__ - INFO -    Press Ctrl+C to stop
2025-11-17 14:33:31 - __main__ - INFO - ============================================================
2025-11-17 14:33:31 - __main__ - INFO - ============================================================
2025-11-17 14:33:31 - __main__ - INFO - 📡 Reading Modbus devices... [14:33:31]
2025-11-17 14:33:31 - modbus_reader - INFO - 📊 Reading MPPT...
2025-11-17 14:33:32 - modbus_reader - INFO -    ✓ PV: 17.5V, 0.64A, 11.2W
2025-11-17 14:33:32 - modbus_reader - INFO -    ✓ Battery: 12.64V, SOC: 79%
2025-11-17 14:33:32 - modbus_reader - INFO - 🌡️  Reading ENV sensor...
2025-11-17 14:33:33 - modbus_reader - INFO -    ✓ Temp: 17.7°C, Humidity: 78.0%
2025-11-17 14:33:33 - modbus_reader - INFO -    ✓ CO2: 472.0 ppm
2025-11-17 14:33:33 - modbus_reader - INFO - 💡 Reading LDR...
2025-11-17 14:33:33 - modbus_reader - INFO -    ✓ Light: 6162 lux (Normal)
2025-11-17 14:33:33 - modbus_reader - INFO - 🔋 Reading BMS...
2025-11-17 14:33:33 - modbus_reader - INFO - 🔋 Reading BMS...
2025-11-17 14:33:35 - modbus_reader - INFO -    ✓ Cell count: 4
2025-11-17 14:33:38 - modbus_reader - INFO -    ✓ Cell 1: 3.153V
2025-11-17 14:33:38 - modbus_reader - INFO -    ✓ Cell 2: 3.175V
2025-11-17 14:33:38 - modbus_reader - INFO -    ✓ Cell 3: 3.166V
2025-11-17 14:33:38 - modbus_reader - INFO -    ✓ Cell 4: 3.155V
2025-11-17 14:33:38 - modbus_reader - INFO -    ✓ Pack: 12.64V, -4.24A, SOC: 0%, SOH: 0%
2025-11-17 14:33:40 - modbus_reader - INFO -    ✓ Discharge MOS: ON
2025-11-17 14:33:43 - modbus_reader - INFO -    ✓ Charge MOS: ON
2025-11-17 14:33:43 - modbus_reader - INFO -    ✓ Battery: 12.64V, -4.24A
2025-11-17 14:33:43 - modbus_reader - INFO -    ✓ SOC: 0%, SOH: 0%
2025-11-17 14:33:44 - modbus_reader - INFO - 👁️  Reading PIR...
2025-11-17 14:33:45 - modbus_reader - WARNING - No response from slave 02
2025-11-17 14:33:45 - modbus_reader - WARNING -    ⚠️  PIR read failed
2025-11-17 14:33:45 - __main__ - INFO - ✅ Read 22 parameters from Modbus devices
2025-11-17 14:33:45 - mqtt_client - INFO - ✅ Telemetry published to nugateway/D83ADDE4A3E0/telemetry
2025-11-17 14:33:45 - __main__ - INFO - ✅ Telemetry published to MQTT broker
2025-11-17 14:33:45 - __main__ - INFO - ⏱️  Next publish in 286 seconds
2025-11-17 14:38:32 - __main__ - INFO - ============================================================
2025-11-17 14:38:32 - __main__ - INFO - 📡 Reading Modbus devices... [14:38:32]
2025-11-17 14:38:32 - modbus_reader - INFO - 📊 Reading MPPT...
2025-11-17 14:38:33 - modbus_reader - INFO -    ✓ PV: 18.2V, 0.79A, 14.38W
2025-11-17 14:38:33 - modbus_reader - INFO -    ✓ Battery: 12.33V, SOC: 70%
2025-11-17 14:38:33 - modbus_reader - INFO - 🌡️  Reading ENV sensor...
2025-11-17 14:38:33 - modbus_reader - INFO -    ✓ Temp: 17.8°C, Humidity: 78.0%
2025-11-17 14:38:33 - modbus_reader - INFO -    ✓ CO2: 469.0 ppm
2025-11-17 14:38:34 - modbus_reader - INFO - 💡 Reading LDR...
2025-11-17 14:38:34 - modbus_reader - INFO -    ✓ Light: 7588 lux (Normal)
2025-11-17 14:38:34 - modbus_reader - INFO - 🔋 Reading BMS...
2025-11-17 14:38:34 - modbus_reader - INFO - 🔋 Reading BMS...
2025-11-17 14:38:36 - modbus_reader - INFO -    ✓ Cell count: 4
2025-11-17 14:38:39 - modbus_reader - INFO -    ✓ Cell 1: 3.133V
2025-11-17 14:38:39 - modbus_reader - INFO -    ✓ Cell 2: 3.152V
2025-11-17 14:38:39 - modbus_reader - INFO -    ✓ Cell 3: 3.146V
2025-11-17 14:38:39 - modbus_reader - INFO -    ✓ Cell 4: 3.133V
2025-11-17 14:38:39 - modbus_reader - INFO -    ✓ Pack: 12.56V, -4.06A, SOC: 0%, SOH: 0%
2025-11-17 14:38:41 - modbus_reader - INFO -    ✓ Discharge MOS: ON
2025-11-17 14:38:44 - modbus_reader - INFO -    ✓ Charge MOS: ON
2025-11-17 14:38:44 - modbus_reader - INFO -    ✓ Battery: 12.56V, -4.06A
2025-11-17 14:38:44 - modbus_reader - INFO -    ✓ SOC: 0%, SOH: 0%
2025-11-17 14:38:44 - modbus_reader - INFO - 👁️  Reading PIR...
2025-11-17 14:38:45 - modbus_reader - WARNING - No response from slave 02
2025-11-17 14:38:45 - modbus_reader - WARNING -    ⚠️  PIR read failed
2025-11-17 14:38:45 - __main__ - INFO - ✅ Read 22 parameters from Modbus devices
2025-11-17 14:38:45 - mqtt_client - INFO - ✅ Telemetry published to nugateway/D83ADDE4A3E0/telemetry
2025-11-17 14:38:45 - __main__ - INFO - ✅ Telemetry published to MQTT broker
2025-11-17 14:38:45 - __main__ - INFO - ⏱️  Next publish in 286 seconds
2025-11-17 14:43:33 - __main__ - INFO - ============================================================
2025-11-17 14:43:33 - __main__ - INFO - 📡 Reading Modbus devices... [14:43:33]
2025-11-17 14:43:33 - modbus_reader - INFO - 📊 Reading MPPT...
2025-11-17 14:43:33 - modbus_reader - INFO -    ✓ PV: 15.6V, 0.22A, 3.43W
2025-11-17 14:43:33 - modbus_reader - INFO -    ✓ Battery: 12.22V, SOC: 66%
2025-11-17 14:43:34 - modbus_reader - INFO - 🌡️  Reading ENV sensor...
2025-11-17 14:43:34 - modbus_reader - INFO -    ✓ Temp: 17.8°C, Humidity: 78.0%
2025-11-17 14:43:34 - modbus_reader - INFO -    ✓ CO2: 473.0 ppm
2025-11-17 14:43:34 - modbus_reader - INFO - 💡 Reading LDR...
2025-11-17 14:43:35 - modbus_reader - INFO -    ✓ Light: 3016 lux (Normal)
2025-11-17 14:43:35 - modbus_reader - INFO - 🔋 Reading BMS...
2025-11-17 14:43:35 - modbus_reader - INFO - 🔋 Reading BMS...
2025-11-17 14:43:37 - modbus_reader - INFO -    ✓ Cell count: 4
2025-11-17 14:43:39 - modbus_reader - INFO -    ✓ Cell 1: 3.108V
2025-11-17 14:43:39 - modbus_reader - INFO -    ✓ Cell 2: 3.134V
2025-11-17 14:43:39 - modbus_reader - INFO -    ✓ Cell 3: 3.124V
2025-11-17 14:43:39 - modbus_reader - INFO -    ✓ Cell 4: 3.111V
2025-11-17 14:43:39 - modbus_reader - INFO -    ✓ Pack: 12.47V, -4.67A, SOC: 0%, SOH: 0%
2025-11-17 14:43:42 - modbus_reader - INFO -    ✓ Discharge MOS: ON
2025-11-17 14:43:44 - modbus_reader - INFO -    ✓ Charge MOS: ON
2025-11-17 14:43:45 - modbus_reader - INFO -    ✓ Battery: 12.47V, -4.67A
2025-11-17 14:43:45 - modbus_reader - INFO -    ✓ SOC: 0%, SOH: 0%
2025-11-17 14:43:45 - modbus_reader - INFO - 👁️  Reading PIR...
2025-11-17 14:43:46 - modbus_reader - WARNING - No response from slave 02
2025-11-17 14:43:46 - modbus_reader - WARNING -    ⚠️  PIR read failed
2025-11-17 14:43:46 - __main__ - INFO - ✅ Read 22 parameters from Modbus devices
2025-11-17 14:43:46 - mqtt_client - INFO - ✅ Telemetry published to nugateway/D83ADDE4A3E0/telemetry
2025-11-17 14:43:46 - __main__ - INFO - ✅ Telemetry published to MQTT broker
2025-11-17 14:43:46 - __main__ - INFO - ⏱️  Next publish in 286 seconds
2025-11-17 14:48:33 - __main__ - INFO - ============================================================
2025-11-17 14:48:33 - __main__ - INFO - 📡 Reading Modbus devices... [14:48:33]
2025-11-17 14:48:33 - modbus_reader - INFO - 📊 Reading MPPT...
2025-11-17 14:48:34 - modbus_reader - INFO -    ✓ PV: 17.1V, 0.42A, 7.18W
2025-11-17 14:48:34 - modbus_reader - INFO -    ✓ Battery: 12.17V, SOC: 64%
2025-11-17 14:48:35 - modbus_reader - INFO - 🌡️  Reading ENV sensor...
2025-11-17 14:48:35 - modbus_reader - INFO -    ✓ Temp: 17.7°C, Humidity: 78.1%
2025-11-17 14:48:35 - modbus_reader - INFO -    ✓ CO2: 475.0 ppm
2025-11-17 14:48:35 - modbus_reader - INFO - 💡 Reading LDR...
2025-11-17 14:48:35 - modbus_reader - INFO -    ✓ Light: 4407 lux (Normal)
2025-11-17 14:48:36 - modbus_reader - INFO - 🔋 Reading BMS...
2025-11-17 14:48:36 - modbus_reader - INFO - 🔋 Reading BMS...
2025-11-17 14:48:38 - modbus_reader - INFO -    ✓ Cell count: 4
2025-11-17 14:48:40 - modbus_reader - INFO -    ✓ Cell 1: 3.090V
2025-11-17 14:48:40 - modbus_reader - INFO -    ✓ Cell 2: 3.115V
2025-11-17 14:48:40 - modbus_reader - INFO -    ✓ Cell 3: 3.105V
2025-11-17 14:48:40 - modbus_reader - INFO -    ✓ Cell 4: 3.092V
2025-11-17 14:48:40 - modbus_reader - INFO -    ✓ Pack: 12.40V, -4.54A, SOC: 0%, SOH: 0%
2025-11-17 14:48:43 - modbus_reader - INFO -    ✓ Discharge MOS: ON
2025-11-17 14:48:45 - modbus_reader - INFO -    ✓ Charge MOS: ON
2025-11-17 14:48:46 - modbus_reader - INFO -    ✓ Battery: 12.4V, -4.54A
2025-11-17 14:48:46 - modbus_reader - INFO -    ✓ SOC: 0%, SOH: 0%
2025-11-17 14:48:46 - modbus_reader - INFO - 👁️  Reading PIR...
2025-11-17 14:48:47 - modbus_reader - WARNING - No response from slave 02
2025-11-17 14:48:47 - modbus_reader - WARNING -    ⚠️  PIR read failed
2025-11-17 14:48:47 - __main__ - INFO - ✅ Read 22 parameters from Modbus devices
2025-11-17 14:48:47 - mqtt_client - INFO - ✅ Telemetry published to nugateway/D83ADDE4A3E0/telemetry
2025-11-17 14:48:47 - __main__ - INFO - ✅ Telemetry published to MQTT broker
2025-11-17 14:48:47 - __main__ - INFO - ⏱️  Next publish in 286 seconds
2025-11-17 14:53:34 - __main__ - INFO - ============================================================
2025-11-17 14:53:34 - __main__ - INFO - 📡 Reading Modbus devices... [14:53:34]
2025-11-17 14:53:34 - modbus_reader - INFO - 📊 Reading MPPT...
2025-11-17 14:53:35 - modbus_reader - INFO -    ✓ PV: 15.9V, 0.22A, 3.5W
2025-11-17 14:53:35 - modbus_reader - INFO -    ✓ Battery: 12.07V, SOC: 61%
2025-11-17 14:53:35 - modbus_reader - INFO - 🌡️  Reading ENV sensor...
2025-11-17 14:53:36 - modbus_reader - INFO -    ✓ Temp: 17.6°C, Humidity: 78.9%
2025-11-17 14:53:36 - modbus_reader - INFO -    ✓ CO2: 477.0 ppm
2025-11-17 14:53:36 - modbus_reader - INFO - 💡 Reading LDR...
2025-11-17 14:53:36 - modbus_reader - INFO -    ✓ Light: 2652 lux (Normal)
2025-11-17 14:53:37 - modbus_reader - INFO - 🔋 Reading BMS...
2025-11-17 14:53:37 - modbus_reader - INFO - 🔋 Reading BMS...
2025-11-17 14:53:39 - modbus_reader - INFO -    ✓ Cell count: 4
2025-11-17 14:53:41 - modbus_reader - INFO -    ✓ Cell 1: 3.067V
2025-11-17 14:53:41 - modbus_reader - INFO -    ✓ Cell 2: 3.095V
2025-11-17 14:53:41 - modbus_reader - INFO -    ✓ Cell 3: 3.084V
2025-11-17 14:53:41 - modbus_reader - INFO -    ✓ Cell 4: 3.070V
2025-11-17 14:53:41 - modbus_reader - INFO -    ✓ Pack: 12.31V, -4.85A, SOC: 0%, SOH: 0%
2025-11-17 14:53:44 - modbus_reader - INFO -    ✓ Discharge MOS: ON
2025-11-17 14:53:46 - modbus_reader - INFO -    ✓ Charge MOS: ON
2025-11-17 14:53:47 - modbus_reader - INFO -    ✓ Battery: 12.31V, -4.85A
2025-11-17 14:53:47 - modbus_reader - INFO -    ✓ SOC: 0%, SOH: 0%
2025-11-17 14:53:47 - modbus_reader - INFO - 👁️  Reading PIR...
2025-11-17 14:53:48 - modbus_reader - WARNING - No response from slave 02
2025-11-17 14:53:48 - modbus_reader - WARNING -    ⚠️  PIR read failed
2025-11-17 14:53:48 - __main__ - INFO - ✅ Read 22 parameters from Modbus devices
2025-11-17 14:53:48 - mqtt_client - INFO - ✅ Telemetry published to nugateway/D83ADDE4A3E0/telemetry
2025-11-17 14:53:48 - __main__ - INFO - ✅ Telemetry published to MQTT broker
2025-11-17 14:53:48 - __main__ - INFO - ⏱️  Next publish in 286 seconds
2025-11-17 14:58:35 - __main__ - INFO - ============================================================
2025-11-17 14:58:35 - __main__ - INFO - 📡 Reading Modbus devices... [14:58:35]
2025-11-17 14:58:35 - modbus_reader - INFO - 📊 Reading MPPT...
2025-11-17 14:58:36 - modbus_reader - INFO -    ✓ PV: 16.6V, 0.74A, 12.28W
2025-11-17 14:58:36 - modbus_reader - INFO -    ✓ Battery: 12.01V, SOC: 60%
2025-11-17 14:58:36 - modbus_reader - INFO - 🌡️  Reading ENV sensor...
2025-11-17 14:58:37 - modbus_reader - INFO -    ✓ Temp: 17.4°C, Humidity: 79.4%
2025-11-17 14:58:37 - modbus_reader - INFO -    ✓ CO2: 471.0 ppm
2025-11-17 14:58:37 - modbus_reader - INFO - 💡 Reading LDR...
2025-11-17 14:58:37 - modbus_reader - INFO -    ✓ Light: 6878 lux (Normal)
2025-11-17 14:58:37 - modbus_reader - INFO - 🔋 Reading BMS...
2025-11-17 14:58:37 - modbus_reader - INFO - 🔋 Reading BMS...
2025-11-17 14:58:39 - modbus_reader - INFO -    ✓ Cell count: 4
2025-11-17 14:58:42 - modbus_reader - INFO -    ✓ Cell 1: 3.048V
2025-11-17 14:58:42 - modbus_reader - INFO -    ✓ Cell 2: 3.076V
2025-11-17 14:58:42 - modbus_reader - INFO -    ✓ Cell 3: 3.062V
2025-11-17 14:58:42 - modbus_reader - INFO -    ✓ Cell 4: 3.049V
2025-11-17 14:58:42 - modbus_reader - INFO -    ✓ Pack: 12.23V, -4.18A, SOC: 0%, SOH: 0%
2025-11-17 14:58:44 - modbus_reader - INFO -    ✓ Discharge MOS: ON
2025-11-17 14:58:49 - modbus_reader - ERROR - BMS: Checksum error (Cmd=0x2E)
2025-11-17 14:58:50 - modbus_reader - INFO -    ✓ Battery: 12.23V, -4.18A
2025-11-17 14:58:50 - modbus_reader - INFO -    ✓ SOC: 0%, SOH: 0%
2025-11-17 14:58:50 - modbus_reader - INFO - 👁️  Reading PIR...
2025-11-17 14:58:51 - modbus_reader - ERROR - Modbus exception 01 from slave 02
2025-11-17 14:58:51 - modbus_reader - WARNING -    ⚠️  PIR read failed
2025-11-17 14:58:51 - __main__ - INFO - ✅ Read 22 parameters from Modbus devices
2025-11-17 14:58:51 - mqtt_client - INFO - ✅ Telemetry published to nugateway/D83ADDE4A3E0/telemetry
2025-11-17 14:58:51 - __main__ - INFO - ✅ Telemetry published to MQTT broker
2025-11-17 14:58:51 - __main__ - INFO - ⏱️  Next publish in 283 seconds
2025-11-17 15:03:35 - __main__ - INFO - ============================================================
2025-11-17 15:03:35 - __main__ - INFO - 📡 Reading Modbus devices... [15:03:35]
2025-11-17 15:03:35 - modbus_reader - INFO - 📊 Reading MPPT...
2025-11-17 15:03:36 - modbus_reader - INFO -    ✓ PV: 20.0V, 2.01A, 40.2W
2025-11-17 15:03:36 - modbus_reader - INFO -    ✓ Battery: 12.07V, SOC: 61%
2025-11-17 15:03:36 - modbus_reader - INFO - 🌡️  Reading ENV sensor...
2025-11-17 15:03:37 - modbus_reader - INFO -    ✓ Temp: 17.4°C, Humidity: 80.3%
2025-11-17 15:03:37 - modbus_reader - INFO -    ✓ CO2: 466.0 ppm
2025-11-17 15:03:37 - modbus_reader - INFO - 💡 Reading LDR...
2025-11-17 15:03:37 - modbus_reader - INFO -    ✓ Light: 18562 lux (Bright)
2025-11-17 15:03:38 - modbus_reader - INFO - 🔋 Reading BMS...
2025-11-17 15:03:38 - modbus_reader - INFO - 🔋 Reading BMS...
2025-11-17 15:03:40 - modbus_reader - INFO -    ✓ Cell count: 4
2025-11-17 15:03:42 - modbus_reader - INFO -    ✓ Cell 1: 3.048V
2025-11-17 15:03:42 - modbus_reader - INFO -    ✓ Cell 2: 3.068V
2025-11-17 15:03:42 - modbus_reader - INFO -    ✓ Cell 3: 3.055V
2025-11-17 15:03:42 - modbus_reader - INFO -    ✓ Cell 4: 3.045V
2025-11-17 15:03:42 - modbus_reader - INFO -    ✓ Pack: 12.21V, -2.36A, SOC: 0%, SOH: 0%
2025-11-17 15:03:45 - modbus_reader - INFO -    ✓ Discharge MOS: ON
2025-11-17 15:03:47 - modbus_reader - INFO -    ✓ Charge MOS: ON
2025-11-17 15:03:48 - modbus_reader - INFO -    ✓ Battery: 12.21V, -2.36A
2025-11-17 15:03:48 - modbus_reader - INFO -    ✓ SOC: 0%, SOH: 0%
2025-11-17 15:03:48 - modbus_reader - INFO - 👁️  Reading PIR...
2025-11-17 15:03:49 - modbus_reader - WARNING - No response from slave 02
2025-11-17 15:03:49 - modbus_reader - WARNING -    ⚠️  PIR read failed
2025-11-17 15:03:49 - __main__ - INFO - ✅ Read 22 parameters from Modbus devices
2025-11-17 15:03:49 - mqtt_client - INFO - ✅ Telemetry published to nugateway/D83ADDE4A3E0/telemetry
2025-11-17 15:03:49 - __main__ - INFO - ✅ Telemetry published to MQTT broker
2025-11-17 15:03:49 - __main__ - INFO - ⏱️  Next publish in 286 seconds
2025-11-17 15:08:36 - __main__ - INFO - ============================================================
2025-11-17 15:08:36 - __main__ - INFO - 📡 Reading Modbus devices... [15:08:36]
2025-11-17 15:08:36 - modbus_reader - INFO - 📊 Reading MPPT...
2025-11-17 15:08:37 - modbus_reader - INFO -    ✓ PV: 18.6V, 1.31A, 24.37W
2025-11-17 15:08:37 - modbus_reader - INFO -    ✓ Battery: 11.93V, SOC: 58%
2025-11-17 15:08:37 - modbus_reader - INFO - 🌡️  Reading ENV sensor...
2025-11-17 15:08:38 - modbus_reader - INFO -    ✓ Temp: 17.4°C, Humidity: 81.0%
2025-11-17 15:08:38 - modbus_reader - INFO -    ✓ CO2: 468.0 ppm
2025-11-17 15:08:38 - modbus_reader - INFO - 💡 Reading LDR...
2025-11-17 15:08:38 - modbus_reader - INFO -    ✓ Light: 11956 lux (Bright)
2025-11-17 15:08:38 - modbus_reader - INFO - 🔋 Reading BMS...
2025-11-17 15:08:38 - modbus_reader - INFO - 🔋 Reading BMS...
2025-11-17 15:08:40 - modbus_reader - INFO -    ✓ Cell count: 4
2025-11-17 15:08:43 - modbus_reader - INFO -    ✓ Cell 1: 3.024V
2025-11-17 15:08:43 - modbus_reader - INFO -    ✓ Cell 2: 3.051V
2025-11-17 15:08:43 - modbus_reader - INFO -    ✓ Cell 3: 3.036V
2025-11-17 15:08:43 - modbus_reader - INFO -    ✓ Cell 4: 3.020V
2025-11-17 15:08:43 - modbus_reader - INFO -    ✓ Pack: 12.13V, -3.39A, SOC: 0%, SOH: 0%
2025-11-17 15:08:45 - modbus_reader - INFO -    ✓ Discharge MOS: ON
2025-11-17 15:08:48 - modbus_reader - INFO -    ✓ Charge MOS: ON
2025-11-17 15:08:48 - modbus_reader - INFO -    ✓ Battery: 12.13V, -3.39A
2025-11-17 15:08:48 - modbus_reader - INFO -    ✓ SOC: 0%, SOH: 0%
2025-11-17 15:08:49 - modbus_reader - INFO - 👁️  Reading PIR...
2025-11-17 15:08:50 - modbus_reader - WARNING - No response from slave 02
2025-11-17 15:08:50 - modbus_reader - WARNING -    ⚠️  PIR read failed
2025-11-17 15:08:50 - __main__ - INFO - ✅ Read 22 parameters from Modbus devices
2025-11-17 15:08:50 - mqtt_client - INFO - ✅ Telemetry published to nugateway/D83ADDE4A3E0/telemetry
2025-11-17 15:08:50 - __main__ - INFO - ✅ Telemetry published to MQTT broker
2025-11-17 15:08:50 - __main__ - INFO - ⏱️  Next publish in 286 seconds
2025-11-17 15:13:37 - __main__ - INFO - ============================================================
2025-11-17 15:13:37 - __main__ - INFO - 📡 Reading Modbus devices... [15:13:37]
2025-11-17 15:13:37 - modbus_reader - INFO - 📊 Reading MPPT...
2025-11-17 15:13:38 - modbus_reader - INFO -    ✓ PV: 20.0V, 1.26A, 25.2W
2025-11-17 15:13:38 - modbus_reader - INFO -    ✓ Battery: 11.83V, SOC: 55%
2025-11-17 15:13:38 - modbus_reader - INFO - 🌡️  Reading ENV sensor...
2025-11-17 15:13:39 - modbus_reader - INFO -    ✓ Temp: 17.6°C, Humidity: 81.4%
2025-11-17 15:13:39 - modbus_reader - INFO -    ✓ CO2: 469.0 ppm
2025-11-17 15:13:39 - modbus_reader - INFO - 💡 Reading LDR...
2025-11-17 15:13:39 - modbus_reader - INFO -    ✓ Light: 12155 lux (Bright)
2025-11-17 15:13:39 - modbus_reader - INFO - 🔋 Reading BMS...
2025-11-17 15:13:39 - modbus_reader - INFO - 🔋 Reading BMS...
2025-11-17 15:13:41 - modbus_reader - INFO -    ✓ Cell count: 4
2025-11-17 15:13:44 - modbus_reader - INFO -    ✓ Cell 1: 3.007V
2025-11-17 15:13:44 - modbus_reader - INFO -    ✓ Cell 2: 3.033V
2025-11-17 15:13:44 - modbus_reader - INFO -    ✓ Cell 3: 3.017V
2025-11-17 15:13:44 - modbus_reader - INFO -    ✓ Cell 4: 3.000V
2025-11-17 15:13:44 - modbus_reader - INFO -    ✓ Pack: 12.05V, -3.33A, SOC: 0%, SOH: 0%
2025-11-17 15:13:46 - modbus_reader - INFO -    ✓ Discharge MOS: ON
2025-11-17 15:13:49 - modbus_reader - INFO -    ✓ Charge MOS: ON
2025-11-17 15:13:49 - modbus_reader - INFO -    ✓ Battery: 12.05V, -3.33A
2025-11-17 15:13:49 - modbus_reader - INFO -    ✓ SOC: 0%, SOH: 0%
2025-11-17 15:13:50 - modbus_reader - INFO - 👁️  Reading PIR...
2025-11-17 15:13:51 - modbus_reader - WARNING - No response from slave 02
2025-11-17 15:13:51 - modbus_reader - WARNING -    ⚠️  PIR read failed
2025-11-17 15:13:51 - __main__ - INFO - ✅ Read 22 parameters from Modbus devices
2025-11-17 15:13:51 - mqtt_client - INFO - ✅ Telemetry published to nugateway/D83ADDE4A3E0/telemetry
2025-11-17 15:13:51 - __main__ - INFO - ✅ Telemetry published to MQTT broker
2025-11-17 15:13:51 - __main__ - INFO - ⏱️  Next publish in 286 seconds
2025-11-17 15:18:38 - __main__ - INFO - ============================================================
2025-11-17 15:18:38 - __main__ - INFO - 📡 Reading Modbus devices... [15:18:38]
2025-11-17 15:18:38 - modbus_reader - INFO - 📊 Reading MPPT...
2025-11-17 15:18:39 - modbus_reader - INFO -    ✓ PV: 18.7V, 1.34A, 25.06W
2025-11-17 15:18:39 - modbus_reader - INFO -    ✓ Battery: 11.8V, SOC: 53%
2025-11-17 15:18:39 - modbus_reader - INFO - 🌡️  Reading ENV sensor...
2025-11-17 15:18:39 - modbus_reader - INFO -    ✓ Temp: 17.8°C, Humidity: 81.1%
2025-11-17 15:18:39 - modbus_reader - INFO -    ✓ CO2: 474.0 ppm
2025-11-17 15:18:40 - modbus_reader - INFO - 💡 Reading LDR...
2025-11-17 15:18:40 - modbus_reader - INFO -    ✓ Light: 11950 lux (Bright)
2025-11-17 15:18:40 - modbus_reader - INFO - 🔋 Reading BMS...
2025-11-17 15:18:40 - modbus_reader - INFO - 🔋 Reading BMS...
2025-11-17 15:18:42 - modbus_reader - INFO -    ✓ Cell count: 4
2025-11-17 15:18:45 - modbus_reader - INFO -    ✓ Cell 1: 2.988V
2025-11-17 15:18:45 - modbus_reader - INFO -    ✓ Cell 2: 3.016V
2025-11-17 15:18:45 - modbus_reader - INFO -    ✓ Cell 3: 3.000V
2025-11-17 15:18:45 - modbus_reader - INFO -    ✓ Cell 4: 2.983V
2025-11-17 15:18:45 - modbus_reader - INFO -    ✓ Pack: 11.98V, -3.39A, SOC: 0%, SOH: 0%
2025-11-17 15:18:47 - modbus_reader - INFO -    ✓ Discharge MOS: ON
2025-11-17 15:18:50 - modbus_reader - INFO -    ✓ Charge MOS: ON
2025-11-17 15:18:50 - modbus_reader - INFO -    ✓ Battery: 11.98V, -3.39A
2025-11-17 15:18:50 - modbus_reader - INFO -    ✓ SOC: 0%, SOH: 0%
2025-11-17 15:18:50 - modbus_reader - INFO - 👁️  Reading PIR...
2025-11-17 15:18:51 - modbus_reader - WARNING - No response from slave 02
2025-11-17 15:18:51 - modbus_reader - WARNING -    ⚠️  PIR read failed
2025-11-17 15:18:51 - __main__ - INFO - ✅ Read 22 parameters from Modbus devices
2025-11-17 15:18:51 - mqtt_client - INFO - ✅ Telemetry published to nugateway/D83ADDE4A3E0/telemetry
2025-11-17 15:18:51 - __main__ - INFO - ✅ Telemetry published to MQTT broker
2025-11-17 15:18:51 - __main__ - INFO - ⏱️  Next publish in 286 seconds
2025-11-18 14:13:09 - __main__ - INFO - ============================================================
2025-11-18 14:13:09 - __main__ - INFO - 🚀 NuGateway MQTT Service
2025-11-18 14:13:09 - __main__ - INFO - ============================================================
2025-11-18 14:13:09 - __main__ - INFO - Serial Port: /dev/ttyUSB0
2025-11-18 14:13:09 - __main__ - INFO - Baud Rate: 9600
2025-11-18 14:13:09 - __main__ - INFO - MQTT Broker: broker.nuteknoloji.com:1883
2025-11-18 14:13:09 - __main__ - INFO - Publish Interval: 300 seconds (5 minutes)
2025-11-18 14:13:09 - __main__ - INFO - ============================================================
2025-11-18 14:13:09 - __main__ - INFO - 🔧 Initializing Modbus reader...
2025-11-18 14:13:09 - modbus_reader - INFO - ✅ Connected to /dev/ttyUSB0 at 9600 baud
2025-11-18 14:13:09 - __main__ - INFO - ✅ Modbus reader connected
2025-11-18 14:13:09 - __main__ - INFO - 🔧 Initializing MQTT client...
2025-11-18 14:13:09 - mqtt_client - INFO - Device MAC address: D8:3A:DD:E4:A3:E0
2025-11-18 14:13:09 - mqtt_client - INFO - MQTT client initialized for device: D83ADDE4A3E0
2025-11-18 14:13:09 - mqtt_client - INFO - Broker: broker.nuteknoloji.com:1883
2025-11-18 14:13:09 - mqtt_client - INFO - Connecting to MQTT broker: broker.nuteknoloji.com:1883
2025-11-18 14:13:09 - mqtt_client - INFO - ✅ Connected to MQTT broker: broker.nuteknoloji.com:1883
2025-11-18 14:13:09 - mqtt_client - INFO - 📡 Subscribed to: nugateway/D83ADDE4A3E0/command/relay
2025-11-18 14:13:09 - mqtt_client - INFO - 📡 Subscribed to: nugateway/D83ADDE4A3E0/command/upload
2025-11-18 14:13:09 - __main__ - INFO - ✅ MQTT client connected
2025-11-18 14:13:09 - __main__ - INFO - 📡 Publishing to: nugateway/D83ADDE4A3E0/telemetry
2025-11-18 14:13:09 - __main__ - INFO - 📡 Listening on: nugateway/D83ADDE4A3E0/command/relay
2025-11-18 14:13:09 - __main__ - INFO - ============================================================
2025-11-18 14:13:09 - __main__ - INFO - 🚀 Starting main loop...
2025-11-18 14:13:09 - __main__ - INFO - ⏱️  Will publish every 300 seconds
2025-11-18 14:13:09 - __main__ - INFO -    Press Ctrl+C to stop
2025-11-18 14:13:09 - __main__ - INFO - ============================================================
2025-11-18 14:13:09 - __main__ - INFO - ============================================================
2025-11-18 14:13:09 - __main__ - INFO - 📡 Reading Modbus devices... [14:13:09]
2025-11-18 14:13:09 - modbus_reader - INFO - 📊 Reading MPPT...
2025-11-18 14:13:10 - modbus_reader - INFO -    ✓ PV: 18.0V, 0.6A, 10.8W
2025-11-18 14:13:10 - modbus_reader - INFO -    ✓ Battery: 12.12V, SOC: 63%
2025-11-18 14:13:10 - modbus_reader - INFO - 🌡️  Reading ENV sensor...
2025-11-18 14:13:11 - modbus_reader - INFO -    ✓ Temp: 16.8°C, Humidity: 82.5%
2025-11-18 14:13:11 - modbus_reader - INFO -    ✓ CO2: 476.0 ppm
2025-11-18 14:13:11 - modbus_reader - INFO - 💡 Reading LDR...
2025-11-18 14:13:11 - modbus_reader - INFO -    ✓ Light: 5623 lux (Normal)
2025-11-18 14:13:11 - modbus_reader - INFO - 🔋 Reading BMS...
2025-11-18 14:13:11 - modbus_reader - INFO - 🔋 Reading BMS...
2025-11-18 14:13:13 - modbus_reader - INFO -    ✓ Cell count: 4
2025-11-18 14:13:16 - modbus_reader - INFO -    ✓ Cell 1: 3.017V
2025-11-18 14:13:16 - modbus_reader - INFO -    ✓ Cell 2: 3.048V
2025-11-18 14:13:16 - modbus_reader - INFO -    ✓ Cell 3: 3.032V
2025-11-18 14:13:16 - modbus_reader - INFO -    ✓ Cell 4: 3.014V
2025-11-18 14:13:16 - modbus_reader - INFO -    ✓ Pack: 12.11V, -4.54A, SOC: 0%, SOH: 0%
2025-11-18 14:13:18 - modbus_reader - INFO -    ✓ Discharge MOS: ON
2025-11-18 14:13:21 - modbus_reader - INFO -    ✓ Charge MOS: ON
2025-11-18 14:13:21 - modbus_reader - INFO -    ✓ Battery: 12.11V, -4.54A
2025-11-18 14:13:21 - modbus_reader - INFO -    ✓ SOC: 0%, SOH: 0%
2025-11-18 14:13:22 - modbus_reader - INFO - 👁️  Reading PIR...
2025-11-18 14:13:23 - modbus_reader - WARNING - No response from slave 02
2025-11-18 14:13:23 - modbus_reader - WARNING -    ⚠️  PIR read failed
2025-11-18 14:13:23 - __main__ - INFO - ✅ Read 22 parameters from Modbus devices
2025-11-18 14:13:23 - mqtt_client - INFO - ✅ Telemetry published to nugateway/D83ADDE4A3E0/telemetry
2025-11-18 14:13:23 - __main__ - INFO - ✅ Telemetry published to MQTT broker
2025-11-18 14:13:23 - __main__ - INFO - ⏱️  Next publish in 286 seconds
2025-11-18 14:18:10 - __main__ - INFO - ============================================================
2025-11-18 14:18:10 - __main__ - INFO - 📡 Reading Modbus devices... [14:18:10]
2025-11-18 14:18:10 - modbus_reader - INFO - 📊 Reading MPPT...
2025-11-18 14:18:11 - modbus_reader - INFO -    ✓ PV: 17.4V, 0.46A, 8.0W
2025-11-18 14:18:11 - modbus_reader - INFO -    ✓ Battery: 11.73V, SOC: 51%
2025-11-18 14:18:11 - modbus_reader - INFO - 🌡️  Reading ENV sensor...
2025-11-18 14:18:12 - modbus_reader - INFO -    ✓ Temp: 16.9°C, Humidity: 82.2%
2025-11-18 14:18:12 - modbus_reader - INFO -    ✓ CO2: 479.0 ppm
2025-11-18 14:18:12 - modbus_reader - INFO - 💡 Reading LDR...
2025-11-18 14:18:12 - modbus_reader - INFO -    ✓ Light: 4424 lux (Normal)
2025-11-18 14:18:12 - modbus_reader - INFO - 🔋 Reading BMS...
2025-11-18 14:18:12 - modbus_reader - INFO - 🔋 Reading BMS...
2025-11-18 14:18:14 - modbus_reader - INFO -    ✓ Cell count: 4
2025-11-18 14:18:17 - modbus_reader - INFO -    ✓ Cell 1: 2.976V
2025-11-18 14:18:17 - modbus_reader - INFO -    ✓ Cell 2: 3.008V
2025-11-18 14:18:17 - modbus_reader - INFO -    ✓ Cell 3: 2.989V
2025-11-18 14:18:17 - modbus_reader - INFO -    ✓ Cell 4: 2.972V
2025-11-18 14:18:17 - modbus_reader - INFO -    ✓ Pack: 11.94V, -4.73A, SOC: 0%, SOH: 0%
2025-11-18 14:18:19 - modbus_reader - INFO -    ✓ Discharge MOS: ON
2025-11-18 14:18:22 - modbus_reader - INFO -    ✓ Charge MOS: ON
2025-11-18 14:18:22 - modbus_reader - INFO -    ✓ Battery: 11.94V, -4.73A
2025-11-18 14:18:22 - modbus_reader - INFO -    ✓ SOC: 0%, SOH: 0%
2025-11-18 14:18:23 - modbus_reader - INFO - 👁️  Reading PIR...
2025-11-18 14:18:24 - modbus_reader - WARNING - No response from slave 02
2025-11-18 14:18:24 - modbus_reader - WARNING -    ⚠️  PIR read failed
2025-11-18 14:18:24 - __main__ - INFO - ✅ Read 22 parameters from Modbus devices
2025-11-18 14:18:24 - mqtt_client - INFO - ✅ Telemetry published to nugateway/D83ADDE4A3E0/telemetry
2025-11-18 14:18:24 - __main__ - INFO - ✅ Telemetry published to MQTT broker
2025-11-18 14:18:24 - __main__ - INFO - ⏱️  Next publish in 286 seconds
2025-11-18 14:23:11 - __main__ - INFO - ============================================================
2025-11-18 14:23:11 - __main__ - INFO - 📡 Reading Modbus devices... [14:23:11]
2025-11-18 14:23:11 - modbus_reader - INFO - 📊 Reading MPPT...
2025-11-18 14:23:13 - modbus_reader - WARNING - No response from slave 01
2025-11-18 14:23:13 - modbus_reader - INFO -    ✓ PV: 17.7V, 0.32A, 5.66W
2025-11-18 14:23:13 - modbus_reader - INFO -    ✓ Battery: 11.56V, SOC: 46%
2025-11-18 14:23:13 - modbus_reader - INFO - 🌡️  Reading ENV sensor...
2025-11-18 14:23:13 - modbus_reader - INFO -    ✓ Temp: 17.0°C, Humidity: 81.8%
2025-11-18 14:23:13 - modbus_reader - INFO -    ✓ CO2: 477.0 ppm
2025-11-18 14:23:14 - modbus_reader - INFO - 💡 Reading LDR...
2025-11-18 14:23:14 - modbus_reader - INFO -    ✓ Light: 3356 lux (Normal)
2025-11-18 14:23:14 - modbus_reader - INFO - 🔋 Reading BMS...
2025-11-18 14:23:14 - modbus_reader - INFO - 🔋 Reading BMS...
2025-11-18 14:23:17 - modbus_reader - WARNING - BMS: No response (Cmd=0x27)
2025-11-18 14:23:17 - modbus_reader - WARNING -    ⚠️ Cell count not read, using default 4
2025-11-18 14:23:20 - modbus_reader - INFO -    ✓ Cell 1: 2.939V
2025-11-18 14:23:20 - modbus_reader - INFO -    ✓ Cell 2: 2.972V
2025-11-18 14:23:20 - modbus_reader - INFO -    ✓ Cell 3: 2.953V
2025-11-18 14:23:20 - modbus_reader - INFO -    ✓ Cell 4: 2.934V
2025-11-18 14:23:20 - modbus_reader - INFO -    ✓ Pack: 11.79V, -4.91A, SOC: 0%, SOH: 0%
2025-11-18 14:23:22 - modbus_reader - INFO -    ✓ Discharge MOS: ON
2025-11-18 14:23:25 - modbus_reader - INFO -    ✓ Charge MOS: ON
2025-11-18 14:23:25 - modbus_reader - INFO -    ✓ Battery: 11.79V, -4.91A
2025-11-18 14:23:25 - modbus_reader - INFO -    ✓ SOC: 0%, SOH: 0%
2025-11-18 14:23:25 - modbus_reader - INFO - 👁️  Reading PIR...
2025-11-18 14:23:26 - modbus_reader - WARNING - No response from slave 02
2025-11-18 14:23:26 - modbus_reader - WARNING -    ⚠️  PIR read failed
2025-11-18 14:23:26 - __main__ - INFO - ✅ Read 20 parameters from Modbus devices
2025-11-18 14:23:26 - mqtt_client - INFO - ✅ Telemetry published to nugateway/D83ADDE4A3E0/telemetry
2025-11-18 14:23:26 - __main__ - INFO - ✅ Telemetry published to MQTT broker
2025-11-18 14:23:26 - __main__ - INFO - ⏱️  Next publish in 284 seconds
2025-11-18 14:28:11 - __main__ - INFO - ============================================================
2025-11-18 14:28:11 - __main__ - INFO - 📡 Reading Modbus devices... [14:28:11]
2025-11-18 14:28:11 - modbus_reader - INFO - 📊 Reading MPPT...
2025-11-18 14:28:12 - modbus_reader - INFO -    ✓ PV: 16.8V, 0.28A, 4.7W
2025-11-18 14:28:12 - modbus_reader - INFO -    ✓ Battery: 11.39V, SOC: 41%
2025-11-18 14:28:13 - modbus_reader - INFO - 🌡️  Reading ENV sensor...
2025-11-18 14:28:13 - modbus_reader - INFO -    ✓ Temp: 16.9°C, Humidity: 81.3%
2025-11-18 14:28:13 - modbus_reader - INFO -    ✓ CO2: 474.0 ppm
2025-11-18 14:28:13 - modbus_reader - INFO - 💡 Reading LDR...
2025-11-18 14:28:14 - modbus_reader - INFO -    ✓ Light: 2970 lux (Normal)
2025-11-18 14:28:14 - modbus_reader - INFO - 🔋 Reading BMS...
2025-11-18 14:28:14 - modbus_reader - INFO - 🔋 Reading BMS...
2025-11-18 14:28:16 - modbus_reader - INFO -    ✓ Cell count: 4
2025-11-18 14:28:18 - modbus_reader - INFO -    ✓ Cell 1: 2.897V
2025-11-18 14:28:18 - modbus_reader - INFO -    ✓ Cell 2: 2.935V
2025-11-18 14:28:18 - modbus_reader - INFO -    ✓ Cell 3: 2.909V
2025-11-18 14:28:18 - modbus_reader - INFO -    ✓ Cell 4: 2.887V
2025-11-18 14:28:18 - modbus_reader - INFO -    ✓ Pack: 11.62V, -5.09A, SOC: 0%, SOH: 0%
2025-11-18 14:28:21 - modbus_reader - INFO -    ✓ Discharge MOS: ON
2025-11-18 14:28:23 - modbus_reader - INFO -    ✓ Charge MOS: ON
2025-11-18 14:28:24 - modbus_reader - INFO -    ✓ Battery: 11.62V, -5.09A
2025-11-18 14:28:24 - modbus_reader - INFO -    ✓ SOC: 0%, SOH: 0%
2025-11-18 14:28:24 - modbus_reader - INFO - 👁️  Reading PIR...
2025-11-18 14:28:25 - modbus_reader - WARNING - No response from slave 02
2025-11-18 14:28:25 - modbus_reader - WARNING -    ⚠️  PIR read failed
2025-11-18 14:28:25 - __main__ - INFO - ✅ Read 22 parameters from Modbus devices
2025-11-18 14:28:25 - mqtt_client - INFO - ✅ Telemetry published to nugateway/D83ADDE4A3E0/telemetry
2025-11-18 14:28:25 - __main__ - INFO - ✅ Telemetry published to MQTT broker
2025-11-18 14:28:25 - __main__ - INFO - ⏱️  Next publish in 286 seconds
2025-11-18 14:33:12 - __main__ - INFO - ============================================================
2025-11-18 14:33:12 - __main__ - INFO - 📡 Reading Modbus devices... [14:33:12]
2025-11-18 14:33:12 - modbus_reader - INFO - 📊 Reading MPPT...
2025-11-18 14:33:13 - modbus_reader - INFO -    ✓ PV: 15.8V, 0.27A, 4.27W
2025-11-18 14:33:13 - modbus_reader - INFO -    ✓ Battery: 11.17V, SOC: 35%
2025-11-18 14:33:14 - modbus_reader - INFO - 🌡️  Reading ENV sensor...
2025-11-18 14:33:14 - modbus_reader - INFO -    ✓ Temp: 16.8°C, Humidity: 81.2%
2025-11-18 14:33:14 - modbus_reader - INFO -    ✓ CO2: 479.0 ppm
2025-11-18 14:33:14 - modbus_reader - INFO - 💡 Reading LDR...
2025-11-18 14:33:14 - modbus_reader - INFO -    ✓ Light: 2749 lux (Normal)
2025-11-18 14:33:15 - modbus_reader - INFO - 🔋 Reading BMS...
2025-11-18 14:33:15 - modbus_reader - INFO - 🔋 Reading BMS...
2025-11-18 14:33:17 - modbus_reader - INFO -    ✓ Cell count: 4
2025-11-18 14:33:19 - modbus_reader - INFO -    ✓ Cell 1: 2.846V
2025-11-18 14:33:19 - modbus_reader - INFO -    ✓ Cell 2: 2.888V
2025-11-18 14:33:19 - modbus_reader - INFO -    ✓ Cell 3: 2.859V
2025-11-18 14:33:19 - modbus_reader - INFO -    ✓ Cell 4: 2.831V
2025-11-18 14:33:19 - modbus_reader - INFO -    ✓ Pack: 11.42V, -5.15A, SOC: 0%, SOH: 0%
2025-11-18 14:33:22 - modbus_reader - INFO -    ✓ Discharge MOS: ON
2025-11-18 14:33:24 - modbus_reader - INFO -    ✓ Charge MOS: ON
2025-11-18 14:33:25 - modbus_reader - INFO -    ✓ Battery: 11.42V, -5.15A
2025-11-18 14:33:25 - modbus_reader - INFO -    ✓ SOC: 0%, SOH: 0%
2025-11-18 14:33:25 - modbus_reader - INFO - 👁️  Reading PIR...
2025-11-18 14:33:26 - modbus_reader - WARNING - No response from slave 02
2025-11-18 14:33:26 - modbus_reader - WARNING -    ⚠️  PIR read failed
2025-11-18 14:33:26 - __main__ - INFO - ✅ Read 22 parameters from Modbus devices
2025-11-18 14:33:26 - mqtt_client - INFO - ✅ Telemetry published to nugateway/D83ADDE4A3E0/telemetry
2025-11-18 14:33:26 - __main__ - INFO - ✅ Telemetry published to MQTT broker
2025-11-18 14:33:26 - __main__ - INFO - ⏱️  Next publish in 286 seconds
2025-11-18 14:38:13 - __main__ - INFO - ============================================================
2025-11-18 14:38:13 - __main__ - INFO - 📡 Reading Modbus devices... [14:38:13]
2025-11-18 14:38:13 - modbus_reader - INFO - 📊 Reading MPPT...
2025-11-18 14:38:14 - modbus_reader - INFO -    ✓ PV: 16.9V, 0.31A, 5.24W
2025-11-18 14:38:14 - modbus_reader - INFO -    ✓ Battery: 10.91V, SOC: 27%
2025-11-18 14:38:14 - modbus_reader - INFO - 🌡️  Reading ENV sensor...
2025-11-18 14:38:15 - modbus_reader - INFO -    ✓ Temp: 16.7°C, Humidity: 81.3%
2025-11-18 14:38:15 - modbus_reader - INFO -    ✓ CO2: 476.0 ppm
2025-11-18 14:38:15 - modbus_reader - INFO - 💡 Reading LDR...
2025-11-18 14:38:15 - modbus_reader - INFO -    ✓ Light: 3277 lux (Normal)
2025-11-18 14:38:15 - modbus_reader - INFO - 🔋 Reading BMS...
2025-11-18 14:38:15 - modbus_reader - INFO - 🔋 Reading BMS...
2025-11-18 14:38:17 - modbus_reader - INFO -    ✓ Cell count: 4
2025-11-18 14:38:20 - modbus_reader - INFO -    ✓ Cell 1: 2.778V
2025-11-18 14:38:20 - modbus_reader - INFO -    ✓ Cell 2: 2.833V
2025-11-18 14:38:20 - modbus_reader - INFO -    ✓ Cell 3: 2.791V
2025-11-18 14:38:20 - modbus_reader - INFO -    ✓ Cell 4: 2.759V
2025-11-18 14:38:20 - modbus_reader - INFO -    ✓ Pack: 11.16V, -5.27A, SOC: 0%, SOH: 0%
2025-11-18 14:38:22 - modbus_reader - INFO -    ✓ Discharge MOS: ON
2025-11-18 14:38:25 - modbus_reader - INFO -    ✓ Charge MOS: ON
2025-11-18 14:38:25 - modbus_reader - INFO -    ✓ Battery: 11.16V, -5.27A
2025-11-18 14:38:25 - modbus_reader - INFO -    ✓ SOC: 0%, SOH: 0%
2025-11-18 14:38:26 - modbus_reader - INFO - 👁️  Reading PIR...
2025-11-18 14:38:27 - modbus_reader - WARNING - No response from slave 02
2025-11-18 14:38:27 - modbus_reader - WARNING -    ⚠️  PIR read failed
2025-11-18 14:38:27 - __main__ - INFO - ✅ Read 22 parameters from Modbus devices
2025-11-18 14:38:27 - mqtt_client - INFO - ✅ Telemetry published to nugateway/D83ADDE4A3E0/telemetry
2025-11-18 14:38:27 - __main__ - INFO - ✅ Telemetry published to MQTT broker
2025-11-18 14:38:27 - __main__ - INFO - ⏱️  Next publish in 286 seconds
